Name;TAC;CellId;earfcn;pci1;pci2;pci;prach;power;mobCtrlAtPoorCovActive
CH0001L11;12604;11;1300;167;1;502;590;0;true
CH0001L21;12604;21;1300;167;0;501;170;0;true
CH0001L31;12604;31;1300;167;2;503;120;0;true
CH0002L11;12604;11;1300;55;1;166;750;300;true
CH0002L21;12604;21;1300;55;0;165;820;300;true
CH0002L31;12604;31;1300;55;2;167;310;300;true
CH0003L11;12604;11;1300;17;0;51;510;300;true
CH0003L21;12604;21;1300;17;1;52;500;300;true
CH0003L31;12604;31;1300;17;2;53;240;300;true
CH0006L11;12602;11;1300;90;0;270;30;300;true
CH0006L21;12602;21;1300;90;1;271;40;300;true
CH0006L31;12602;31;1300;90;2;272;540;300;true
CH0007L11;12602;11;1300;60;0;180;430;300;true
CH0007L21;12602;21;1300;60;1;181;360;300;true
CH0007L31;12602;31;1300;60;2;182;520;300;true
CH0009L11;12604;11;1300;105;0;315;530;300;true
CH0009L21;12604;21;1300;105;1;316;0;300;true
CH0009L31;12604;31;1300;105;2;317;570;300;true
CH0010L11;12604;11;1300;107;1;322;420;300;true
CH0010L21;12604;21;1300;107;0;321;260;300;true
CH0010L31;12604;31;1300;107;2;323;470;300;true
CH0011L11;12602;11;1300;109;1;328;260;300;true
CH0011L21;12602;21;1300;109;0;327;470;300;true
CH0011L31;12602;31;1300;109;2;329;280;300;true
CH0012L11;12604;11;1300;26;0;78;190;300;true
CH0012L21;12604;21;1300;26;1;79;300;300;true
CH0012L31;12604;31;1300;26;2;80;570;300;true
CH0014L11;12604;11;1300;138;1;415;340;300;true
CH0014L21;12604;21;1300;138;0;414;290;300;true
CH0014L31;12604;31;1300;138;2;416;650;300;true
CH0015L11;12602;11;1300;54;0;162;130;300;true
CH0015L21;12602;21;1300;54;1;163;630;300;true
CH0015L31;12602;31;1300;54;2;164;120;300;true
CH0016L11;12602;11;1300;116;0;348;420;300;true
CH0016L21;12602;21;1300;116;1;349;350;300;true
CH0016L31;12602;31;1300;116;2;350;50;300;true
CH0017L11;12602;11;1300;161;0;483;250;300;true
CH0017L21;12602;21;1300;161;1;484;180;300;true
CH0017L31;12602;31;1300;161;2;485;490;300;true
CH0018L11;12604;11;1300;136;1;409;60;300;true
CH0018L21;12604;21;1300;136;0;408;70;300;true
CH0018L31;12604;31;1300;136;2;410;80;300;true
CH0019L11;12604;11;1300;50;0;150;730;300;true
CH0019L21;12604;21;1300;50;1;151;790;300;true
CH0019L31;12604;31;1300;50;2;152;370;300;true
CH0022L11;12604;11;1300;145;0;435;260;300;true
CH0022L21;12604;21;1300;145;1;436;530;300;true
CH0022L31;12604;31;1300;145;2;437;770;300;true
CH0023L11;12602;11;1300;97;0;291;470;300;true
CH0023L21;12602;21;1300;97;2;293;560;300;true
CH0023L31;12602;31;1300;97;1;292;760;300;true
CH0024L11;12602;11;1300;160;1;481;60;300;true
CH0024L21;12602;21;1300;160;2;482;340;300;true
CH0024L31;12602;31;1300;160;0;480;570;300;true
CH0025L11;12602;11;1300;38;1;115;600;300;true
CH0025L21;12602;21;1300;38;2;116;440;300;true
CH0025L31;12602;31;1300;38;0;114;130;300;true
CH0026L11;12604;11;1300;143;0;429;220;300;true
CH0026L21;12604;21;1300;143;1;430;420;300;true
CH0026L31;12604;31;1300;143;2;431;680;300;true
CH0033L11;12604;11;1300;162;1;487;180;300;true
CH0033L21;12604;21;1300;162;0;486;20;300;true
CH0033L31;12604;31;1300;162;2;488;600;300;true
CH0036L11;12602;11;1300;7;2;23;440;300;true
CH0036L21;12602;21;1300;7;1;22;480;300;true
CH0039L11;12602;11;1300;71;1;214;690;300;true
CH0039L21;12602;21;1300;71;2;215;670;300;true
CH0039L31;12602;31;1300;71;0;213;400;300;true
CH0040L11;12602;11;1300;38;0;114;570;300;true
CH0040L21;12602;21;1300;38;1;115;320;300;true
CH0040L31;12602;31;1300;38;2;116;600;300;true
CH0041L11;12604;11;1300;146;0;438;430;300;true
CH0041L21;12604;21;1300;146;1;439;770;300;true
CH0041L31;12604;31;1300;146;2;440;330;300;true
CH0042L11;12604;11;1300;119;1;358;140;300;true
CH0042L21;12604;21;1300;119;0;357;700;300;true
CH0042L31;12604;31;1300;119;2;359;30;300;true
CH0044L11;12602;11;1300;76;1;229;620;300;true
CH0044L21;12602;21;1300;76;2;230;20;300;true
CH0044L31;12602;31;1300;76;0;228;520;300;true
CH0047L11;12602;11;1300;67;0;201;580;300;true
CH0047L21;12602;21;1300;67;1;202;620;300;true
CH0047L31;12602;31;1300;67;2;203;80;300;true
CH0048L11;12602;11;1300;82;0;246;450;300;true
CH0048L21;12602;21;1300;82;1;247;70;300;true
CH0048L31;12602;31;1300;82;2;248;470;300;true
CH0049L11;12602;11;1300;160;1;481;140;300;true
CH0049L21;12602;21;1300;160;2;482;210;300;true
CH0049L31;12602;31;1300;160;0;480;510;300;true
CH0052L11;12604;11;1300;27;0;81;660;300;true
CH0052L21;12604;21;1300;27;1;82;610;300;true
CH0052L31;12604;31;1300;27;2;83;370;300;true
CH0053L11;12604;11;1300;6;1;19;460;300;true
CH0053L21;12604;21;1300;6;2;20;50;300;true
CH0053L31;12604;31;1300;6;0;18;560;300;true
CH0054L11;12602;11;1300;166;1;499;540;300;true
CH0054L21;12602;21;1300;166;2;500;500;300;true
CH0054L31;12602;31;1300;166;0;498;710;300;true
CH0055L11;12604;11;1300;162;1;487;190;300;true
CH0055L21;12604;21;1300;162;0;486;150;300;true
CH0055L31;12604;31;1300;162;2;488;100;300;true
CH0058L11;12602;11;1300;115;2;347;410;300;true
CH0058L21;12602;21;1300;115;1;346;490;300;true
CH0058L31;12602;31;1300;115;0;345;580;300;true
CH0066L11;12604;11;1300;81;1;244;560;300;true
CH0066L21;12604;21;1300;81;0;243;620;300;true
CH0066L31;12604;31;1300;81;2;245;440;300;true
CH0068L11;12602;11;1300;8;1;25;560;300;true
CH0068L21;12602;21;1300;8;2;26;400;300;true
CH0068L31;12602;31;1300;8;0;24;640;300;true
CH0073L11;12602;11;1300;15;2;47;170;300;true
CH0073L21;12602;21;1300;15;1;46;560;300;true
CH0073L31;12602;31;1300;15;0;45;750;300;true
CH0077L11;12602;11;1300;3;2;11;270;300;true
CH0077L21;12602;21;1300;3;0;9;220;300;true
CH0077L31;12602;31;1300;3;1;10;680;300;true
CH0085L11;12604;11;1300;95;1;286;240;300;true
CH0085L21;12604;21;1300;95;2;287;800;300;true
CH0085L31;12604;31;1300;95;0;285;390;300;true
CH2003L11;12601;11;1300;159;2;479;60;300;true
CH2003L21;12601;21;1300;159;0;477;740;300;true
CH2003L31;12601;31;1300;159;1;478;390;300;true
CH2005L11;12601;11;1300;68;1;205;680;300;true
CH2005L21;12601;21;1300;68;2;206;210;300;true
CH2005L31;12601;31;1300;68;0;204;410;300;true
CH2200L11;12606;11;1300;44;1;133;50;300;true
CH2200L21;12606;21;1300;44;0;132;300;300;true
CH2200L31;12606;31;1300;44;2;134;220;300;true
CH2201L11;12606;11;1300;53;0;159;520;300;true
CH2201L21;12606;21;1300;53;1;160;730;300;true
CH2201L31;12606;31;1300;53;2;161;740;300;true
CH2701L11;12601;11;1300;100;0;300;490;300;true
CH2701L21;12601;21;1300;100;1;301;250;300;true
CH2701L31;12601;31;1300;100;2;302;750;300;true
CH3001L11;12601;11;1300;84;0;252;280;300;true
CH3001L21;12601;21;1300;84;1;253;130;300;true
CH3001L31;12601;31;1300;84;2;254;690;300;true
CH4203L11;12601;11;1300;105;0;315;140;300;true
CH4203L21;12601;21;1300;105;1;316;650;300;true
CH4203L31;12601;31;1300;105;2;317;220;300;true
CH4851L11;12601;11;1300;153;2;461;390;300;true
CH4851L21;12601;21;1300;153;0;459;750;300;true
CH4851L31;12601;31;1300;153;1;460;800;300;true
CK0001L11;12710;11;1300;90;0;270;0;0;true
CK0001L21;12710;21;1300;130;1;391;10;0;true
CK0001L31;12710;31;1300;0;2;2;20;0;true
CK0002L11;12710;11;1300;52;0;156;270;300;true
CK0002L21;12710;21;1300;52;2;158;520;300;true
CK0002L31;12710;31;1300;52;1;157;680;300;true
CK0003L11;12710;11;1300;132;0;396;640;300;true
CK0003L21;12710;21;1300;132;2;398;740;300;true
CK0003L31;12710;31;1300;132;1;397;30;300;true
CK0004L11;12710;11;1300;118;2;356;650;300;true
CK0004L21;12710;21;1300;118;0;354;260;300;true
CK0004L31;12710;31;1300;118;1;355;590;300;true
CK0006L11;12710;11;1300;20;0;60;550;0;true
CK0006L21;12710;21;1300;20;2;62;800;0;true
CK0006L31;12710;31;1300;0;1;1;610;0;true
CK0009L11;12710;11;1300;60;0;180;210;0;true
CK0009L21;12710;21;1300;100;1;301;220;0;true
CK0009L31;12710;31;1300;10;2;32;230;0;true
CK0012L11;12710;11;1300;116;0;348;50;300;true
CK0012L21;12710;21;1300;116;1;349;570;300;true
CK0012L31;12710;31;1300;116;2;350;620;300;true
CK0015L11;12710;11;1300;91;0;273;760;0;true
CK0015L21;12710;21;1300;91;2;275;100;0;true
CK0015L31;12710;31;1300;91;1;274;430;0;true
CK0016L11;12710;11;1300;43;2;131;620;300;true
CK0016L21;12710;21;1300;43;0;129;200;300;true
CK0016L31;12710;31;1300;43;1;130;190;300;true
CK0017L11;12710;11;1300;42;2;128;120;0;true
CK0017L21;12710;21;1300;42;0;126;500;0;true
CK0017L31;12710;31;1300;42;1;127;0;0;true
CK0018L11;12710;11;1300;71;0;213;440;0;true
CK0018L21;12710;21;1300;71;2;215;560;0;true
CK0018L31;12710;31;1300;71;1;214;480;0;true
CK0021L11;12710;11;1300;57;2;173;350;0;true
CK0021L21;12710;21;1300;57;1;172;320;0;true
CK0021L31;12710;31;1300;40;0;120;80;0;true
CK0024L11;12710;11;1300;127;1;382;220;300;true
CK0024L21;12710;21;1300;127;0;381;280;300;true
CK0024L31;12710;31;1300;127;2;383;630;300;true
CK0027L11;12710;11;1300;138;0;414;780;300;true
CK0027L21;12710;21;1300;138;2;416;350;300;true
CK0027L31;12710;31;1300;138;1;415;300;300;true
CK0031L11;12710;11;1300;10;0;30;200;300;true
CK0031L21;12710;21;1300;10;2;32;710;300;true
CK0031L31;12710;31;1300;10;1;31;660;300;true
CK0047L11;12710;11;1300;86;2;260;590;0;true
CK0047L21;12710;21;1300;86;1;259;740;0;true
CK0047L31;12710;31;1300;86;0;258;570;0;true
CK0048L11;12710;11;1300;81;0;243;260;0;true
CK0048L31;12710;31;1300;81;1;244;720;0;true
CK0055L11;12710;11;1300;60;0;180;220;0;true
CK0055L21;12710;21;1300;130;1;391;230;0;true
CK0055L31;12710;31;1300;70;2;212;480;0;true
CK0062L11;12710;11;1300;130;0;390;630;300;true
CK0062L21;12710;21;1300;120;1;361;300;300;true
CK0062L31;12710;31;1300;160;2;482;660;300;true
CK0064L11;12710;11;1300;110;2;332;110;0;true
CK0064L21;12710;21;1300;110;1;331;530;0;true
CK0064L31;12710;31;1300;110;0;330;20;0;true
CK0065L11;12710;11;1300;97;2;293;330;0;true
CK0065L21;12710;21;1300;97;0;291;650;0;true
CK0065L31;12710;31;1300;97;1;292;290;0;true
CK0070L11;12710;11;1300;72;2;218;240;300;true
CK0070L21;12710;21;1300;72;1;217;630;300;true
CK0070L31;12710;31;1300;72;0;216;510;300;true
CK0077L11;12710;11;1300;112;0;336;290;300;true
CK0077L21;12710;21;1300;112;1;337;50;300;true
CK0077L31;12710;31;1300;112;2;338;800;300;true
CK0082L11;12710;11;1300;114;0;342;60;300;true
CK0082L21;12710;21;1300;114;2;344;690;300;true
CK0082L31;12710;31;1300;114;1;343;490;300;true
CK0087L11;12710;11;1300;40;1;121;580;300;true
CK0087L21;12710;21;1300;40;0;120;570;300;true
CK0088L11;12710;11;1300;93;2;281;400;0;true
CK0088L21;12710;21;1300;93;1;280;630;0;true
CK0088L31;12710;31;1300;93;0;279;460;0;true
CK2002L11;12713;11;1300;158;1;475;60;300;true
CK2002L21;12713;21;1300;158;0;474;440;300;true
CK2002L31;12713;31;1300;158;2;476;800;300;true
CK2007L11;12713;11;1300;4;2;14;80;300;true
CK2007L21;12713;21;1300;4;1;13;10;300;true
CK2007L31;12713;31;1300;4;0;12;360;300;true
CK2013L11;12713;11;1300;101;1;304;280;300;true
CK2013L21;12713;21;1300;101;0;303;630;300;true
CK2013L31;12713;31;1300;101;2;305;690;300;true
CK2015L11;12713;11;1300;16;1;49;780;0;true
CK2015L21;12713;21;1300;16;0;48;330;0;true
CK2015L31;12713;31;1300;16;2;50;400;0;true
CK2202L11;12709;11;1300;164;1;493;760;300;true
CK2202L21;12709;21;1300;164;0;492;260;300;true
CK2202L31;12709;31;1300;164;2;494;150;300;true
CK2204L11;12709;11;1300;14;0;42;580;300;true
CK2204L21;12709;21;1300;14;2;44;490;300;true
CK2204L31;12709;31;1300;14;1;43;70;300;true
CK2205L11;12709;11;1300;99;1;298;120;300;true
CK2205L21;12709;21;1300;99;0;297;680;300;true
CK2205L31;12709;31;1300;99;2;299;550;300;true
CK2210L11;12709;11;1300;15;0;45;550;300;true
CK2210L21;12709;21;1300;15;2;47;800;300;true
CK2210L31;12709;31;1300;15;1;46;290;300;true
CK2214L11;12709;11;1300;82;0;246;510;0;true
CK2214L21;12709;21;1300;82;2;248;580;0;true
CK2214L31;12709;31;1300;20;1;61;410;0;true
CK2215L11;12709;11;1300;4;0;12;380;0;true
CK2215L21;12709;21;1300;4;2;14;650;0;true
CK2215L31;12709;31;1300;20;1;61;740;0;true
HM0005L11;13503;11;1300;110;2;332;290;0;true
HM0005L21;13503;21;1300;110;1;331;800;0;true
HM0005L31;13503;31;1300;110;0;330;780;0;true
HM0008L11;13503;11;1300;12;1;37;510;0;true
HM0008L21;13503;21;1300;12;2;38;600;0;true
HM0008L31;13503;31;1300;12;0;36;10;0;true
HM0011L11;13503;11;1300;101;1;304;510;0;true
HM0011L21;13503;21;1300;101;2;305;80;0;true
HM0011L31;13503;31;1300;101;0;303;150;0;true
HM0012L11;13503;11;1300;159;2;479;220;0;true
HM0012L21;13503;21;1300;159;1;478;30;0;true
HM0012L31;13503;31;1300;159;0;477;790;0;true
HM0014L11;13503;11;1300;103;2;311;270;0;true
HM0014L21;13503;21;1300;103;1;310;470;0;true
HM0014L31;13503;31;1300;103;0;309;90;0;true
HM0023L11;13503;11;1300;165;1;496;240;0;true
HM0023L21;13503;21;1300;165;0;495;590;0;true
HM0023L31;13503;31;1300;165;2;497;10;0;true
HM0024L11;13503;11;1300;136;0;408;730;0;true
HM0024L21;13503;21;1300;136;1;409;700;0;true
HM0024L31;13503;31;1300;136;2;410;760;0;true
HM0025L11;13503;11;1300;48;1;145;520;0;true
HM0025L21;13503;21;1300;48;0;144;780;0;true
HM0025L31;13503;31;1300;48;2;146;280;0;true
HM0027L11;13503;11;1300;56;0;168;260;0;true
HM0027L21;13503;21;1300;56;1;169;270;0;true
HM0027L31;13503;31;1300;56;2;170;240;0;true
HM0032L11;13503;11;1300;61;2;185;670;0;true
HM0032L21;13503;21;1300;61;0;183;570;0;true
HM0034L11;13503;11;1300;166;1;499;430;0;true
HM0034L21;13503;21;1300;166;2;500;180;0;true
HM0034L31;13503;31;1300;166;0;498;810;0;true
HM0040L11;13503;11;1300;75;2;227;50;0;true
HM0040L21;13503;21;1300;74;1;223;710;0;true
HM0040L31;13503;31;1300;74;2;224;440;0;true
HM0040L41;13503;41;1300;74;0;222;520;0;true
HM0043L11;13503;11;1300;100;0;300;440;300;true
HM0043L21;13503;21;1300;110;1;331;450;300;true
HM0043L31;13503;31;1300;50;2;152;460;300;true
HM0044L11;13503;11;1300;46;1;139;700;0;true
HM0044L21;13503;21;1300;46;0;138;130;0;true
HM0044L31;13503;31;1300;46;2;140;520;0;true
HM0046L11;13503;11;1300;124;0;372;30;0;true
HM0046L21;13503;21;1300;124;1;373;300;0;true
HM0046L31;13503;31;1300;124;2;374;430;0;true
HM0047L11;13503;11;1300;75;0;225;50;0;true
HM0047L21;13503;21;1300;75;2;227;80;0;true
HM0047L31;13503;31;1300;75;1;226;790;0;true
HM0048L11;13503;11;1300;160;0;480;560;300;true
HM0048L21;13503;21;1300;140;1;421;570;300;true
HM0048L31;13503;31;1300;150;2;452;580;300;true
KI0001L11;13428;11;1300;117;0;351;160;300;true
KI0001L21;13428;21;1300;117;1;352;800;300;true
KI0001L31;13428;31;1300;117;2;353;480;300;true
KI0002L11;13431;11;1300;31;1;94;750;300;true
KI0002L21;13431;21;1300;31;0;93;360;300;true
KI0002L31;13431;31;1300;31;2;95;410;300;true
KI0004L11;13404;11;1300;32;1;97;640;300;true
KI0004L21;13404;21;1300;32;2;98;330;300;true
KI0004L31;13404;31;1300;32;0;96;520;300;true
KI0005L11;13416;11;1300;65;2;197;520;300;true
KI0005L21;13416;21;1300;65;1;196;780;300;true
KI0005L31;13416;31;1300;65;0;195;810;300;true
KI0006L11;13406;11;1300;62;0;186;350;300;true
KI0006L21;13406;21;1300;62;2;188;420;300;true
KI0006L31;13406;31;1300;62;1;187;670;300;true
KI0007L11;13417;11;1300;29;2;89;330;300;true
KI0007L21;13417;21;1300;29;1;88;340;300;true
KI0007L31;13417;31;1300;29;0;87;700;300;true
KI0009L11;13403;11;1300;146;0;438;550;300;true
KI0009L21;13403;21;1300;146;2;440;60;300;true
KI0009L31;13403;31;1300;146;1;439;480;300;true
KI0010L11;13421;11;1300;29;1;88;160;300;true
KI0010L21;13421;21;1300;29;0;87;170;300;true
KI0010L31;13421;31;1300;29;2;89;150;300;true
KI0012L11;13415;11;1300;154;0;462;90;300;true
KI0012L21;13415;21;1300;154;1;463;450;300;true
KI0012L31;13415;31;1300;154;2;464;530;300;true
KI0013L11;13428;11;1300;21;2;65;180;300;true
KI0013L21;13428;21;1300;21;1;64;210;300;true
KI0013L31;13428;31;1300;21;0;63;720;300;true
KI0014L11;13401;11;1300;72;1;217;540;300;true
KI0014L21;13401;21;1300;72;2;218;390;300;true
KI0014L31;13401;31;1300;72;0;216;490;300;true
KI0015L11;13443;11;1300;92;2;278;350;300;true
KI0015L21;13443;21;1300;92;1;277;620;300;true
KI0015L31;13443;31;1300;92;0;276;520;300;true
KI0017L11;13404;11;1300;9;0;27;220;300;true
KI0017L21;13404;21;1300;9;2;29;740;300;true
KI0017L31;13404;31;1300;9;1;28;260;300;true
KI0018L11;13432;11;1300;155;2;467;430;300;true
KI0018L21;13432;21;1300;155;1;466;740;300;true
KI0018L31;13432;31;1300;155;0;465;220;300;true
KI0019L11;13432;11;1300;20;2;62;520;0;true
KI0019L21;13432;21;1300;20;1;61;680;0;true
KI0019L31;13432;31;1300;20;0;60;820;0;true
KI0020L11;13419;11;1300;47;2;143;550;300;true
KI0020L21;13419;21;1300;47;1;142;770;300;true
KI0020L31;13419;31;1300;47;0;141;720;300;true
KI0021L11;13432;11;1300;92;1;277;40;300;true
KI0021L21;13432;21;1300;92;0;276;590;300;true
KI0021L31;13432;31;1300;92;2;278;60;300;true
KI0022L11;13432;11;1300;151;2;455;330;300;true
KI0022L21;13432;21;1300;151;1;454;530;300;true
KI0022L31;13432;31;1300;151;0;453;270;300;true
KI0023L11;13432;11;1300;18;2;56;400;300;true
KI0023L21;13432;21;1300;18;1;55;90;300;true
KI0023L31;13432;31;1300;18;0;54;250;300;true
KI0024L11;13428;11;1300;35;0;105;70;300;true
KI0024L21;13428;21;1300;35;1;106;790;300;true
KI0024L31;13428;31;1300;35;2;107;730;300;true
KI0025L11;13421;11;1300;30;0;90;420;300;true
KI0025L21;13421;21;1300;30;1;91;610;300;true
KI0025L31;13421;31;1300;30;2;92;470;300;true
KI0027L11;13421;11;1300;56;2;170;60;300;true
KI0027L21;13421;21;1300;56;1;169;30;300;true
KI0027L31;13421;31;1300;56;0;168;20;300;true
KI0029L11;13428;11;1300;129;0;387;130;300;true
KI0029L21;13428;21;1300;129;1;388;470;300;true
KI0029L31;13428;31;1300;129;2;389;330;300;true
KI0031L11;13403;11;1300;134;2;404;50;300;true
KI0031L21;13403;21;1300;134;0;402;830;300;true
KI0031L31;13403;31;1300;134;1;403;450;300;true
KI0032L11;13403;11;1300;111;2;335;100;300;true
KI0032L21;13403;21;1300;111;0;333;110;300;true
KI0032L31;13403;31;1300;111;1;334;250;300;true
KI0034L11;13415;11;1300;40;0;120;210;0;false
KI0034L21;13415;21;1300;120;1;361;220;0;false
KI0034L31;13415;31;1300;160;2;482;230;0;false
KI0036L11;13403;11;1300;111;1;334;390;300;true
KI0036L21;13403;21;1300;111;0;333;410;300;true
KI0036L31;13403;31;1300;111;2;335;160;300;true
KI0037L11;13444;11;1300;14;2;44;140;300;true
KI0037L21;13444;21;1300;14;1;43;220;300;true
KI0037L31;13444;31;1300;14;0;42;670;300;true
KI0040L11;13417;11;1300;63;2;191;80;300;true
KI0040L21;13417;21;1300;63;1;190;690;300;true
KI0040L31;13417;31;1300;63;0;189;560;300;true
KI0041L11;13432;11;1300;49;2;149;50;300;true
KI0041L21;13432;21;1300;49;1;148;340;300;true
KI0041L31;13432;31;1300;49;0;147;170;300;true
KI0042L11;13401;11;1300;120;0;360;810;300;true
KI0042L21;13401;21;1300;120;2;362;760;300;true
KI0042L31;13401;31;1300;120;1;361;560;300;true
KI0043L11;13431;11;1300;7;2;23;500;300;true
KI0043L21;13431;21;1300;7;0;21;10;300;true
KI0043L31;13431;31;1300;7;1;22;70;300;true
KI0044L11;13415;11;1300;88;0;264;200;300;true
KI0044L21;13415;21;1300;88;2;266;420;300;true
KI0045L11;13416;11;1300;63;0;189;70;300;true
KI0045L21;13416;21;1300;63;1;190;790;300;true
KI0045L31;13416;31;1300;63;2;191;110;300;true
KI0046L11;13419;11;1300;100;1;301;70;300;true
KI0046L21;13419;21;1300;100;0;300;770;300;true
KI0046L31;13419;31;1300;100;2;302;90;300;true
KI0049L31;13416;31;1300;17;2;53;500;300;true
KI0050L11;13444;11;1300;94;0;282;360;300;true
KI0050L21;13444;21;1300;94;1;283;230;300;true
KI0050L31;13444;31;1300;94;2;284;320;300;true
KI0051L11;13444;11;1300;75;1;226;560;0;true
KI0051L21;13444;21;1300;75;0;225;580;0;true
KI0052L11;13432;11;1300;143;2;431;180;300;true
KI0052L21;13432;21;1300;143;1;430;60;300;true
KI0052L31;13432;31;1300;143;0;429;110;300;true
KI0053L11;13432;11;1300;152;2;458;20;300;true
KI0053L21;13432;21;1300;152;1;457;270;300;true
KI0053L31;13432;31;1300;152;0;456;680;300;true
KI0054L11;13419;11;1300;18;0;54;690;300;true
KI0054L21;13419;21;1300;18;2;56;570;300;true
KI0054L31;13419;31;1300;18;1;55;320;300;true
KI0055L11;13444;11;1300;130;2;392;330;300;true
KI0055L21;13444;21;1300;130;1;391;160;300;true
KI0055L31;13444;31;1300;130;0;390;730;300;true
KI0058L11;13403;11;1300;41;1;124;760;300;true
KI0058L21;13403;21;1300;41;0;123;20;300;true
KI0058L31;13403;31;1300;41;2;125;140;300;true
KI0059L11;13401;11;1300;90;0;270;510;0;false
KI0059L21;13401;21;1300;50;1;151;400;0;false
KI0059L31;13401;31;1300;70;2;212;610;0;false
KI0062L11;13444;11;1300;107;1;322;550;300;true
KI0062L21;13444;21;1300;107;2;323;420;300;true
KI0062L31;13444;31;1300;107;0;321;450;300;true
KI0063L11;13428;11;1300;67;0;201;430;300;true
KI0063L21;13428;21;1300;67;1;202;100;300;true
KI0063L31;13428;31;1300;67;2;203;720;300;true
KI0065L11;13432;11;1300;136;2;410;750;300;true
KI0065L21;13432;21;1300;136;1;409;450;300;true
KI0065L31;13432;31;1300;136;0;408;570;300;true
KI0066L11;13421;11;1300;11;0;33;740;0;true
KI0066L21;13421;21;1300;11;1;34;70;0;true
KI0066L31;13421;31;1300;11;2;35;720;0;true
KI0067L11;13432;11;1300;26;2;80;40;300;true
KI0067L21;13432;21;1300;26;1;79;140;300;true
KI0067L31;13432;31;1300;26;0;78;610;300;true
KI0068L11;13432;11;1300;166;2;500;820;0;true
KI0068L13;13432;13;3150;138;2;416;340;0;true
KI0068L14;13432;14;3425;138;2;416;340;0;true
KI0068L21;13432;21;1300;166;1;499;390;0;true
KI0068L23;13432;23;3150;138;0;414;370;0;true
KI0068L24;13432;24;3425;138;0;414;370;0;true
KI0068L31;13432;31;1300;166;0;498;690;0;true
KI0068L33;13432;33;3150;138;1;415;290;0;true
KI0068L34;13432;34;3425;138;1;415;290;0;true
KI0070L11;13431;11;1300;7;2;23;240;300;true
KI0070L21;13431;21;1300;7;0;21;400;300;true
KI0072L11;13432;11;1300;112;2;338;380;300;true
KI0072L21;13432;21;1300;112;1;337;10;300;true
KI0072L31;13432;31;1300;112;0;336;810;300;true
KI0076L11;13419;11;1300;105;1;316;540;300;true
KI0076L21;13419;21;1300;105;0;315;30;300;true
KI0076L31;13419;31;1300;105;2;317;480;300;true
KI0077L11;13419;11;1300;75;1;226;90;300;true
KI0077L21;13419;21;1300;75;0;225;560;300;true
KI0077L31;13419;31;1300;75;2;227;520;300;true
KI0080L11;13419;11;1300;103;0;309;530;300;true
KI0080L21;13419;21;1300;103;1;310;100;300;true
KI0080L31;13419;31;1300;103;2;311;240;300;true
KI0084L11;13419;11;1300;146;0;438;80;300;true
KI0084L21;13419;21;1300;146;1;439;800;300;true
KI0084L31;13419;31;1300;146;2;440;780;300;true
KI0085L11;13428;11;1300;37;0;111;310;300;true
KI0085L21;13428;21;1300;37;1;112;340;300;true
KI0085L31;13428;31;1300;37;2;113;380;300;true
KI0086L11;13428;11;1300;148;1;445;420;300;true
KI0086L21;13428;21;1300;148;2;446;650;300;true
KI0086L31;13428;31;1300;148;0;444;280;300;true
KI0087L11;13419;11;1300;66;0;198;90;300;true
KI0087L21;13419;21;1300;66;1;199;520;300;true
KI0087L31;13419;31;1300;66;2;200;220;300;true
KI0088L11;13419;11;1300;17;2;53;830;300;true
KI0088L21;13419;21;1300;17;1;52;570;300;true
KI0088L31;13419;31;1300;17;0;51;750;300;true
KI0090L11;13419;11;1300;74;1;223;610;300;true
KI0090L21;13419;21;1300;74;0;222;730;300;true
KI0090L31;13419;31;1300;74;2;224;110;300;true
KI0091L11;13417;11;1300;141;2;425;680;300;true
KI0091L21;13417;21;1300;141;1;424;710;300;true
KI0091L31;13417;31;1300;141;0;423;180;300;true
KI0092L11;13417;11;1300;12;1;37;480;300;true
KI0092L21;13417;21;1300;12;0;36;460;300;true
KI0092L31;13417;31;1300;12;2;38;540;300;true
KI0094L11;13419;11;1300;118;2;356;460;300;true
KI0094L21;13419;21;1300;118;1;355;40;300;true
KI0094L31;13419;31;1300;118;0;354;120;300;true
KI0095L11;13419;11;1300;14;2;44;540;300;true
KI0095L21;13419;21;1300;14;1;43;80;300;true
KI0095L31;13419;31;1300;14;0;42;20;300;true
KI0095L41;13419;41;1300;15;2;47;590;300;true
KI0096L11;13417;11;1300;6;2;20;660;300;true
KI0096L21;13417;21;1300;6;1;19;160;300;true
KI0096L31;13417;31;1300;6;0;18;820;300;true
KI0097L11;13417;11;1300;129;2;389;720;300;true
KI0097L21;13417;21;1300;129;1;388;740;300;true
KI0097L31;13417;31;1300;129;0;387;250;300;true
KI0100L21;13403;21;1300;36;1;109;210;300;true
KI0100L31;13403;31;1300;36;0;108;310;300;true
KI0101L11;13403;11;1300;126;0;378;340;300;true
KI0101L21;13403;21;1300;126;2;380;730;300;true
KI0101L31;13403;31;1300;126;1;379;90;300;true
KI0103L11;13403;11;1300;90;0;270;330;0;false
KI0103L21;13403;21;1300;0;1;1;340;0;false
KI0103L31;13403;31;1300;160;2;482;350;0;false
KI0104L11;13403;11;1300;80;0;240;240;300;true
KI0104L21;13403;21;1300;80;2;242;120;300;true
KI0104L31;13403;31;1300;80;1;241;220;300;true
KI0108L11;13403;11;1300;45;2;137;410;300;true
KI0108L21;13403;21;1300;45;0;135;400;300;true
KI0108L31;13403;31;1300;45;1;136;420;300;true
KI0111L11;13403;11;1300;98;1;295;80;300;true
KI0111L21;13403;21;1300;98;0;294;460;300;true
KI0111L31;13403;31;1300;98;2;296;590;300;true
KI0113L11;13404;11;1300;22;2;68;550;300;true
KI0113L21;13404;21;1300;22;0;66;480;300;true
KI0113L31;13404;31;1300;22;1;67;570;300;true
KI0115L11;13404;11;1300;36;0;108;30;300;true
KI0115L21;13404;21;1300;36;1;109;50;300;true
KI0115L31;13404;31;1300;36;2;110;620;300;true
KI0116L11;13428;11;1300;46;0;138;440;300;true
KI0116L21;13428;21;1300;46;1;139;20;300;true
KI0116L31;13428;31;1300;46;2;140;320;300;true
KI0118L11;13421;11;1300;108;0;324;230;300;true
KI0118L21;13421;21;1300;108;1;325;460;300;true
KI0118L31;13421;31;1300;108;2;326;50;300;true
KI0119L11;13421;11;1300;26;1;79;80;300;true
KI0119L21;13421;21;1300;26;2;80;690;300;true
KI0119L31;13421;31;1300;26;0;78;10;300;true
KI0120L11;13404;11;1300;110;0;330;630;300;true
KI0120L21;13404;21;1300;110;2;332;720;300;true
KI0120L31;13404;31;1300;110;1;331;280;300;true
KI0121L11;13432;11;1300;102;2;308;440;300;true
KI0121L21;13432;21;1300;102;1;307;50;300;true
KI0121L31;13432;31;1300;102;0;306;590;300;true
KI0124L11;13404;11;1300;164;1;493;470;300;true
KI0124L21;13404;21;1300;164;2;494;750;300;true
KI0124L31;13404;31;1300;164;0;492;820;300;true
KI0125L11;13404;11;1300;74;1;223;280;300;true
KI0125L21;13404;21;1300;74;2;224;300;300;true
KI0125L31;13404;31;1300;74;0;222;90;300;true
KI0126L11;13404;11;1300;161;2;485;420;300;true
KI0126L21;13404;21;1300;161;1;484;40;300;true
KI0130L11;13421;11;1300;87;0;261;50;300;true
KI0130L21;13421;21;1300;87;2;263;240;300;true
KI0134L11;13401;11;1300;51;0;153;170;300;true
KI0134L21;13401;21;1300;51;1;154;410;300;true
KI0134L31;13401;31;1300;51;2;155;560;300;true
KI0135L11;13401;11;1300;74;0;222;250;300;true
KI0135L21;13401;21;1300;74;1;223;20;300;true
KI0135L31;13401;31;1300;74;2;224;30;300;true
KI0136L11;13401;11;1300;1;0;3;460;300;true
KI0136L21;13401;21;1300;1;1;4;480;300;true
KI0136L31;13401;31;1300;1;2;5;500;300;true
KI0138L11;13401;11;1300;157;1;472;300;300;true
KI0138L21;13401;21;1300;157;2;473;30;300;true
KI0138L31;13401;31;1300;157;0;471;340;300;true
KI0139L11;13401;11;1300;37;0;111;350;300;true
KI0139L21;13401;21;1300;37;1;112;270;300;true
KI0139L31;13401;31;1300;37;2;113;420;300;true
KI0140L11;13401;11;1300;145;1;436;20;300;true
KI0140L21;13401;21;1300;145;2;437;310;300;true
KI0144L11;13443;11;1300;164;2;494;430;300;true
KI0144L21;13443;21;1300;164;1;493;830;300;true
KI0144L31;13443;31;1300;164;0;492;0;300;true
KI0145L11;13444;11;1300;63;2;191;400;300;true
KI0145L21;13444;21;1300;63;1;190;230;300;true
KI0145L31;13444;31;1300;63;0;189;270;300;true
KI0146L11;13444;11;1300;147;0;441;340;300;true
KI0146L21;13444;21;1300;147;2;443;20;300;true
KI0146L31;13444;31;1300;147;1;442;480;300;true
KI0151L11;13412;11;1300;11;1;34;410;300;true
KI0151L21;13412;21;1300;11;2;35;630;300;true
KI0151L31;13412;31;1300;11;0;33;760;300;true
KI0152L11;13443;11;1300;19;2;59;660;300;true
KI0152L21;13443;21;1300;19;1;58;760;300;true
KI0152L31;13443;31;1300;19;0;57;140;300;true
KI0153L11;13444;11;1300;45;0;135;790;300;true
KI0153L21;13444;21;1300;45;2;137;740;300;true
KI0153L31;13444;31;1300;45;1;136;830;300;true
KI0154L11;13431;11;1300;56;2;170;320;300;true
KI0154L21;13431;21;1300;56;1;169;10;300;true
KI0154L31;13431;31;1300;56;0;168;260;300;true
KI0156L11;13431;11;1300;21;1;64;790;300;true
KI0156L21;13431;21;1300;21;2;65;130;300;true
KI0156L31;13431;31;1300;21;0;63;300;300;true
KI0158L11;13428;11;1300;3;2;11;560;300;true
KI0158L21;13428;21;1300;3;1;10;400;300;true
KI0158L31;13428;31;1300;3;0;9;370;300;true
KI0159L11;13416;11;1300;47;0;141;50;300;true
KI0159L21;13416;21;1300;47;1;142;160;300;true
KI0159L31;13416;31;1300;47;2;143;440;300;true
KI0160L11;13431;11;1300;66;2;200;320;0;true
KI0160L13;13431;13;3150;20;0;60;281;0;true
KI0160L14;13431;14;3425;20;0;60;281;0;true
KI0160L21;13431;21;1300;66;0;198;230;0;true
KI0160L31;13431;31;1300;65;2;197;350;0;true
KI0160L33;13431;33;3150;19;0;57;95;0;true
KI0160L34;13431;34;3425;19;0;57;95;0;true
KI0160L41;13431;41;1300;66;1;199;760;0;true
KI0161L11;13431;11;1300;92;2;278;790;300;true
KI0161L21;13431;21;1300;92;0;276;590;300;true
KI0161L31;13431;31;1300;92;1;277;150;300;true
KI0164L11;13431;11;1300;28;2;86;60;300;true
KI0164L21;13431;21;1300;28;0;84;600;300;true
KI0164L31;13431;31;1300;28;1;85;80;300;true
KI0167L11;13416;11;1300;101;2;305;350;300;true
KI0167L21;13416;21;1300;101;0;303;830;300;true
KI0167L31;13416;31;1300;101;1;304;100;300;true
KI0168L11;13417;11;1300;167;2;503;40;300;true
KI0168L21;13417;21;1300;167;1;502;660;300;true
KI0168L31;13417;31;1300;167;0;501;310;300;true
KI0169L11;13444;11;1300;87;0;261;570;300;true
KI0169L21;13444;21;1300;87;1;262;530;300;true
KI0169L31;13444;31;1300;87;2;263;760;300;true
KI0170L11;13432;11;1300;118;2;356;750;300;true
KI0170L21;13432;21;1300;118;1;355;380;300;true
KI0170L31;13432;31;1300;118;0;354;480;300;true
KI0172L11;13419;11;1300;160;0;480;340;0;true
KI0172L21;13419;21;1300;120;1;361;10;0;true
KI0172L31;13419;31;1300;90;2;272;20;0;true
KI0173L11;13444;11;1300;145;2;437;140;300;true
KI0173L21;13444;21;1300;145;1;436;700;300;true
KI0173L31;13444;31;1300;145;0;435;210;300;true
KI0174L11;13415;11;1300;6;0;18;190;300;true
KI0174L21;13415;21;1300;6;1;19;470;300;true
KI0174L31;13415;31;1300;6;2;20;120;300;true
KI0175L11;13415;11;1300;104;0;312;90;300;true
KI0175L21;13415;21;1300;104;1;313;80;300;true
KI0175L31;13415;31;1300;104;2;314;320;300;true
KI0177L11;13415;11;1300;46;1;139;250;300;true
KI0177L21;13415;21;1300;46;2;140;680;300;true
KI0177L31;13415;31;1300;46;0;138;220;300;true
KI0178L11;13416;11;1300;32;2;98;220;300;true
KI0178L21;13416;21;1300;32;0;96;210;300;true
KI0178L31;13416;31;1300;32;1;97;190;300;true
KI0179L11;13443;11;1300;7;2;23;100;0;true
KI0179L21;13443;21;1300;7;1;22;810;0;true
KI0179L31;13443;31;1300;7;0;21;180;0;true
KI0181L11;13416;11;1300;125;1;376;430;300;true
KI0181L21;13416;21;1300;125;0;375;540;300;true
KI0181L31;13416;31;1300;125;2;377;140;300;true
KI0183L11;13416;11;1300;29;1;88;460;300;true
KI0183L21;13416;21;1300;29;0;87;20;300;true
KI0183L31;13416;31;1300;29;2;89;30;300;true
KI0184L11;13416;11;1300;24;2;74;380;300;true
KI0184L21;13416;21;1300;24;1;73;80;300;true
KI0184L31;13416;31;1300;24;0;72;210;300;true
KI0185L11;13416;11;1300;41;2;125;150;300;true
KI0185L21;13416;21;1300;41;1;124;440;300;true
KI0185L31;13416;31;1300;41;0;123;290;300;true
KI0188L11;13428;11;1300;151;2;455;300;300;true
KI0188L21;13428;21;1300;151;1;454;610;300;true
KI0188L31;13428;31;1300;151;0;453;310;300;true
KI0189L11;13421;11;1300;45;2;137;680;300;true
KI0189L21;13421;21;1300;45;1;136;620;300;true
KI0189L31;13421;31;1300;45;0;135;530;300;true
KI0190L11;13416;11;1300;69;2;209;670;300;true
KI0190L21;13416;21;1300;69;1;208;790;300;true
KI0192L11;13443;11;1300;27;1;82;540;0;true
KI0192L21;13443;21;1300;28;2;86;260;0;true
KI0192L31;13443;31;1300;27;0;81;230;0;true
KI0192L41;13443;41;1300;27;2;83;470;0;true
KI0193L11;13443;11;1300;10;0;30;540;0;true
KI0193L21;13443;21;1300;110;1;331;560;0;true
KI0193L31;13443;31;1300;120;2;362;470;0;true
KI0195L11;13432;11;1300;68;2;206;150;300;true
KI0195L21;13432;21;1300;68;1;205;120;300;true
KI0195L31;13432;31;1300;68;0;204;200;300;true
KI0196L11;13404;11;1300;123;0;369;230;300;true
KI0196L21;13404;21;1300;123;2;371;430;300;true
KI0196L31;13404;31;1300;123;1;370;240;300;true
KI0197L11;13404;11;1300;21;2;65;780;300;true
KI0197L21;13404;21;1300;21;1;64;10;300;true
KI0197L31;13404;31;1300;21;0;63;310;300;true
KI0199L11;13404;11;1300;134;1;403;290;300;true
KI0199L21;13404;21;1300;134;2;404;130;300;true
KI0199L31;13404;31;1300;134;0;402;180;300;true
KI0202L11;13443;11;1300;124;0;372;110;300;true
KI0202L21;13443;21;1300;124;2;374;740;300;true
KI0202L31;13443;31;1300;124;1;373;490;300;true
KI0207L11;13417;11;1300;1;2;5;230;300;true
KI0207L21;13417;21;1300;1;1;4;730;300;true
KI0207L31;13417;31;1300;1;0;3;190;300;true
KI0208L11;13416;11;1300;10;1;31;470;300;true
KI0208L21;13416;21;1300;10;0;30;360;300;true
KI0208L31;13416;31;1300;10;2;32;710;300;true
KI0210L11;13416;11;1300;118;1;355;820;300;true
KI0210L21;13416;21;1300;118;0;354;230;300;true
KI0210L31;13416;31;1300;118;2;356;760;300;true
KI0211L11;13428;11;1300;137;0;411;130;300;true
KI0211L21;13428;21;1300;137;1;412;210;300;true
KI0211L31;13428;31;1300;137;2;413;640;300;true
KI0213L11;13415;11;1300;85;2;257;200;300;true
KI0213L21;13415;21;1300;85;0;255;340;300;true
KI0213L31;13415;31;1300;85;1;256;300;300;true
KI0214L11;13415;11;1300;83;2;251;530;300;true
KI0214L21;13415;21;1300;83;0;249;500;300;true
KI0214L31;13415;31;1300;83;1;250;630;300;true
KI0216L11;13444;11;1300;84;0;252;210;300;true
KI0216L21;13444;21;1300;84;1;253;740;300;true
KI0216L31;13444;31;1300;84;2;254;670;300;true
KI0217L11;13415;11;1300;68;1;205;730;300;true
KI0217L21;13415;21;1300;68;2;206;640;300;true
KI0217L31;13415;31;1300;68;0;204;10;300;true
KI0219L11;13444;11;1300;6;0;18;70;300;true
KI0219L21;13444;21;1300;6;1;19;440;300;true
KI0219L31;13444;31;1300;6;2;20;420;300;true
KI0220L11;13444;11;1300;71;1;214;320;300;true
KI0220L21;13444;21;1300;71;2;215;710;300;true
KI0220L31;13444;31;1300;71;0;213;580;300;true
KI0221L11;13404;11;1300;60;2;182;570;300;true
KI0221L21;13404;21;1300;60;1;181;160;300;true
KI0221L31;13404;31;1300;60;0;180;380;300;true
KI0221L41;13404;41;1300;61;1;184;350;300;true
KI0222L11;13415;11;1300;157;0;471;550;300;true
KI0222L21;13415;21;1300;157;1;472;170;300;true
KI0222L31;13415;31;1300;157;2;473;810;300;true
KI0223L11;13415;11;1300;127;1;382;280;300;true
KI0223L21;13415;21;1300;127;2;383;560;300;true
KI0223L31;13415;31;1300;127;0;381;820;300;true
KI0224L11;13432;11;1300;93;2;281;780;300;true
KI0224L21;13432;21;1300;93;1;280;230;300;true
KI0224L31;13432;31;1300;93;0;279;340;300;true
KI0225L11;13432;11;1300;88;0;264;420;300;true
KI0225L21;13432;21;1300;88;2;266;550;300;true
KI0225L31;13432;31;1300;88;1;265;830;300;true
KI0226L11;13419;11;1300;60;1;181;360;300;true
KI0226L21;13419;21;1300;60;0;180;40;300;true
KI0226L31;13419;31;1300;60;2;182;190;300;true
KI0227L11;13431;11;1300;150;2;452;210;300;true
KI0227L21;13431;21;1300;60;0;180;680;300;true
KI0227L31;13431;31;1300;140;1;421;110;300;true
KI0228L11;13428;11;1300;131;0;393;230;300;true
KI0228L21;13428;21;1300;131;1;394;670;300;true
KI0228L31;13428;31;1300;131;2;395;580;300;true
KI0232L11;13419;11;1300;24;0;72;180;300;true
KI0232L21;13419;21;1300;24;1;73;760;300;true
KI0232L31;13419;31;1300;24;2;74;250;300;true
KI0233L11;13417;11;1300;80;0;240;460;300;true
KI0233L21;13417;21;1300;90;1;271;80;300;true
KI0233L31;13417;31;1300;10;2;32;700;300;true
KI0239L11;13416;11;1300;160;0;480;440;0;true
KI0239L21;13416;21;1300;50;1;151;10;0;true
KI0239L31;13416;31;1300;90;2;272;700;0;true
KI0240L11;13421;11;1300;70;0;210;310;300;true
KI0240L21;13421;21;1300;70;1;211;300;300;true
KI0240L31;13421;31;1300;70;2;212;190;300;true
KI0241L11;13416;11;1300;133;0;399;470;300;true
KI0241L21;13416;21;1300;133;2;401;90;300;true
KI0241L31;13416;31;1300;133;1;400;460;300;true
KI0243L11;13416;11;1300;11;2;35;170;300;true
KI0243L21;13416;21;1300;11;1;34;140;300;true
KI0243L31;13416;31;1300;11;0;33;180;300;true
KI0244L11;13416;11;1300;103;0;309;170;300;true
KI0244L21;13416;21;1300;103;2;311;10;300;true
KI0244L31;13416;31;1300;103;1;310;290;300;true
KI0245L11;13401;11;1300;89;0;267;480;300;true
KI0245L21;13401;21;1300;89;2;269;400;300;true
KI0245L31;13401;31;1300;89;1;268;330;300;true
KI0246L11;13401;11;1300;102;2;308;140;300;true
KI0246L21;13401;21;1300;102;1;307;730;300;true
KI0246L31;13401;31;1300;102;0;306;160;300;true
KI0247L11;13401;11;1300;105;0;315;250;300;true
KI0247L21;13401;21;1300;105;1;316;580;300;true
KI0247L31;13401;31;1300;105;2;317;370;300;true
KI0248L21;13401;21;1300;70;1;211;790;300;true
KI0248L31;13401;31;1300;20;2;62;800;300;true
KI0250L11;13401;11;1300;34;1;103;460;300;true
KI0250L21;13401;21;1300;34;2;104;330;300;true
KI0250L31;13401;31;1300;34;0;102;60;300;true
KI0254L11;13404;11;1300;24;0;72;770;0;true
KI0254L21;13404;21;1300;24;1;73;280;0;true
KI0254L31;13404;31;1300;24;2;74;140;0;true
KI0256L11;13421;11;1300;142;1;427;820;300;true
KI0256L21;13421;21;1300;142;0;426;530;300;true
KI0256L31;13421;31;1300;142;2;428;550;300;true
KI0257L11;13403;11;1300;120;2;362;120;300;true
KI0257L21;13403;21;1300;120;0;360;360;300;true
KI0257L31;13403;31;1300;120;1;361;390;300;true
KI0258L11;13443;11;1300;42;0;126;730;300;true
KI0258L21;13443;21;1300;42;1;127;800;300;true
KI0258L31;13443;31;1300;42;2;128;690;300;true
KI0260L11;13415;11;1300;51;2;155;150;300;true
KI0260L21;13415;21;1300;51;0;153;390;300;true
KI0260L31;13415;31;1300;51;1;154;310;300;true
KI0261L11;13432;11;1300;133;1;400;80;300;true
KI0261L21;13432;21;1300;133;0;399;510;300;true
KI0261L31;13432;31;1300;133;2;401;250;300;true
KI0262L11;13404;11;1300;54;1;163;160;0;true
KI0262L21;13404;21;1300;54;0;162;330;0;true
KI0262L31;13404;31;1300;54;2;164;820;0;true
KI0268L11;13401;11;1300;112;2;338;200;300;true
KI0268L21;13401;21;1300;112;1;337;450;300;true
KI0268L31;13401;31;1300;112;0;336;350;300;true
KI0269L11;13444;11;1300;95;0;285;30;0;true
KI0269L21;13444;21;1300;95;1;286;20;0;true
KI0269L31;13444;31;1300;95;2;287;640;0;true
KI0271L11;13403;11;1300;27;2;83;320;300;true
KI0271L21;13403;21;1300;27;0;81;240;300;true
KI0271L31;13403;31;1300;27;1;82;90;300;true
KI0272L11;13444;11;1300;144;2;434;180;300;true
KI0272L21;13444;21;1300;144;1;433;240;300;true
KI0272L31;13444;31;1300;144;0;432;490;300;true
KI0274L11;13444;11;1300;77;2;233;70;300;true
KI0274L21;13444;21;1300;77;1;232;320;300;true
KI0274L31;13444;31;1300;77;0;231;40;300;true
KI0275L11;13419;11;1300;80;0;240;100;300;true
KI0275L21;13419;21;1300;0;1;1;720;300;true
KI0275L31;13419;31;1300;160;2;482;780;300;true
KI0276L11;13403;11;1300;84;0;252;10;300;true
KI0276L21;13403;21;1300;84;2;254;20;300;true
KI0276L31;13403;31;1300;84;1;253;110;300;true
KI0277L11;13403;11;1300;131;0;393;450;300;true
KI0277L21;13403;21;1300;131;2;395;200;300;true
KI0277L31;13403;31;1300;131;1;394;300;300;true
KI0278L11;13404;11;1300;23;0;69;530;0;true
KI0278L21;13404;21;1300;23;1;70;340;0;true
KI0278L31;13404;31;1300;23;2;71;150;0;true
KI0289L11;13442;11;1300;50;1;151;520;300;true
KI0289L21;13442;21;1300;50;2;152;40;300;true
KI0289L31;13442;31;1300;50;0;150;620;0;true
KI0292L11;13412;11;1300;98;1;295;10;300;true
KI0292L21;13412;21;1300;98;0;294;20;300;true
KI0292L31;13412;31;1300;98;2;296;30;300;true
KI0293L11;13412;11;1300;150;0;450;120;0;true
KI0293L21;13412;21;1300;10;1;31;690;0;true
KI0293L31;13412;31;1300;80;2;242;580;0;true
KI0294L11;13423;11;1300;129;2;389;610;0;true
KI0294L21;13423;21;1300;129;0;387;710;0;true
KI0294L31;13423;31;1300;129;1;388;690;0;true
KI0323L11;13421;11;1300;8;2;26;820;300;true
KI0323L21;13421;21;1300;8;1;25;190;300;true
KI0323L31;13421;31;1300;8;0;24;650;300;true
KI0324L11;13432;11;1300;127;2;383;710;300;true
KI0324L21;13432;21;1300;127;1;382;0;300;true
KI0324L31;13432;31;1300;127;0;381;410;300;true
KI0334L11;13443;11;1300;51;2;155;270;300;true
KI0334L21;13443;21;1300;51;0;153;240;300;true
KI0334L31;13443;31;1300;51;1;154;660;300;true
KI0336L11;13419;11;1300;117;1;352;210;300;true
KI0336L21;13419;21;1300;117;0;351;200;300;true
KI0336L31;13419;31;1300;117;2;353;790;300;true
KI0338L11;13416;11;1300;158;1;475;600;300;true
KI0338L21;13416;21;1300;158;2;476;20;300;true
KI0338L31;13416;31;1300;158;0;474;360;300;true
KI0339L11;13444;11;1300;131;0;393;330;300;true
KI0339L21;13444;21;1300;131;1;394;290;300;true
KI0339L31;13444;31;1300;131;2;395;600;300;true
KI0341L11;13444;11;1300;159;0;477;40;300;true
KI0341L21;13444;21;1300;159;1;478;400;300;true
KI0341L31;13444;31;1300;159;2;479;540;300;true
KI0342L11;13417;11;1300;17;2;53;430;300;true
KI0342L21;13417;21;1300;17;1;52;640;300;true
KI0342L31;13417;31;1300;17;0;51;150;300;true
KI0343L11;13428;11;1300;71;0;213;170;300;true
KI0343L21;13428;21;1300;71;1;214;120;300;true
KI0343L31;13428;31;1300;71;2;215;110;300;true
KI0344L11;13443;11;1300;57;2;173;480;300;true
KI0344L21;13443;21;1300;57;1;172;150;300;true
KI0344L31;13443;31;1300;57;0;171;390;300;true
KI0345L11;13444;11;1300;30;2;92;40;0;true
KI0345L21;13444;21;1300;30;1;91;490;300;true
KI0345L31;13444;31;1300;30;0;90;620;0;true
KI0351L11;13432;11;1300;106;2;320;80;300;true
KI0351L21;13432;21;1300;106;1;319;240;300;true
KI0351L31;13432;31;1300;106;0;318;600;300;true
KI0353L11;13404;11;1300;88;1;265;30;300;true
KI0353L21;13404;21;1300;88;2;266;170;300;true
KI0353L31;13404;31;1300;88;0;264;550;300;true
KI0354L11;13419;11;1300;93;0;279;700;300;true
KI0354L21;13419;21;1300;93;1;280;200;300;true
KI0354L31;13419;31;1300;93;2;281;810;300;true
KI0356L11;13416;11;1300;4;2;14;270;300;true
KI0356L21;13416;21;1300;4;0;12;240;300;true
KI0356L31;13416;31;1300;4;1;13;330;300;true
KI0359L11;13415;11;1300;31;0;93;610;300;true
KI0359L21;13415;21;1300;31;1;94;480;300;true
KI0359L31;13415;31;1300;31;2;95;150;300;true
KI0361L11;13417;11;1300;19;1;58;540;300;true
KI0361L21;13417;21;1300;19;0;57;780;300;true
KI0361L31;13417;31;1300;19;2;59;310;300;true
KI0362L11;13401;11;1300;6;0;18;130;300;true
KI0362L21;13401;21;1300;6;1;19;720;300;true
KI0362L31;13401;31;1300;6;2;20;220;300;true
KI0366L11;13401;11;1300;153;2;461;540;300;true
KI0366L21;13401;21;1300;153;1;460;490;300;true
KI0366L31;13401;31;1300;153;0;459;320;300;true
KI0367L11;13432;11;1300;111;1;334;150;300;true
KI0367L21;13432;21;1300;111;0;333;350;300;true
KI0367L31;13432;31;1300;111;2;335;630;300;true
KI0370L11;13417;11;1300;153;2;461;500;300;true
KI0370L21;13417;21;1300;153;1;460;480;300;true
KI0370L31;13417;31;1300;153;0;459;250;300;true
KI0377L11;13419;11;1300;27;0;81;130;300;true
KI0377L21;13419;21;1300;27;1;82;120;300;true
KI0377L31;13419;31;1300;27;2;83;530;300;true
KI0380L11;13419;11;1300;8;1;25;230;300;true
KI0380L21;13419;21;1300;8;2;26;400;300;true
KI0380L31;13419;31;1300;8;0;24;460;300;true
KI0381L11;13428;11;1300;31;1;94;640;300;true
KI0381L21;13428;21;1300;31;2;95;260;300;true
KI0382L11;13417;11;1300;38;2;116;770;300;true
KI0382L21;13417;21;1300;38;1;115;100;300;true
KI0382L31;13417;31;1300;38;0;114;260;300;true
KI0383L11;13421;11;1300;25;0;75;210;300;true
KI0383L21;13421;21;1300;25;1;76;660;300;true
KI0383L31;13421;31;1300;25;2;77;810;300;true
KI0387L11;13443;11;1300;73;0;219;560;300;true
KI0387L21;13443;21;1300;73;1;220;0;300;true
KI0387L31;13443;31;1300;73;2;221;240;300;true
KI0388L11;13444;11;1300;98;0;294;70;300;true
KI0388L21;13444;21;1300;98;2;296;150;300;true
KI0388L31;13444;31;1300;98;1;295;570;300;true
KI0392L11;13431;11;1300;13;2;41;590;300;true
KI0392L21;13431;21;1300;13;1;40;440;300;true
KI0392L31;13431;31;1300;13;0;39;620;300;true
KI0396L11;13401;11;1300;73;1;220;60;300;true
KI0396L21;13401;21;1300;73;2;221;200;300;true
KI0396L31;13401;31;1300;73;0;219;300;300;true
KI0397L11;13443;11;1300;94;0;282;300;0;true
KI0397L21;13443;21;1300;94;1;283;260;0;true
KI0397L31;13443;31;1300;94;2;284;380;0;true
KI0401L11;13421;11;1300;96;0;288;810;300;true
KI0401L21;13421;21;1300;96;1;289;40;300;true
KI0401L31;13421;31;1300;96;2;290;830;300;true
KI0404L11;13443;11;1300;11;2;35;830;0;true
KI0404L21;13443;21;1300;11;1;34;580;0;true
KI0404L31;13443;31;1300;11;0;33;700;0;true
KI0407L11;13428;11;1300;144;0;432;780;300;true
KI0407L21;13428;21;1300;144;1;433;820;300;true
KI0407L31;13428;31;1300;144;2;434;110;300;true
KI0408L11;13403;11;1300;36;0;108;340;300;true
KI0408L21;13403;21;1300;36;2;110;380;300;true
KI0408L31;13403;31;1300;36;1;109;460;300;true
KI0411L11;13415;11;1300;91;1;274;210;300;true
KI0411L21;13415;21;1300;91;2;275;790;300;true
KI0411L31;13415;31;1300;91;0;273;230;300;true
KI0417L11;13444;11;1300;64;2;194;550;300;true
KI0417L21;13444;21;1300;64;1;193;330;300;true
KI0417L31;13444;31;1300;64;0;192;580;300;true
KI0418L11;13401;11;1300;28;0;84;290;0;true
KI0418L21;13401;21;1300;28;1;85;200;0;true
KI0420L11;13432;11;1300;129;2;389;810;300;true
KI0420L21;13432;21;1300;129;1;388;300;300;true
KI0420L31;13432;31;1300;129;0;387;540;300;true
KI0420L41;13432;41;1300;128;0;384;460;300;true
KI0427L11;13421;11;1300;127;0;381;690;300;true
KI0427L21;13421;21;1300;127;2;383;100;300;true
KI0427L31;13421;31;1300;127;1;382;110;300;true
KI0430L11;13432;11;1300;162;2;488;170;300;true
KI0430L21;13432;21;1300;163;1;490;320;300;true
KI0430L31;13432;31;1300;162;0;486;350;300;true
KI0430L41;13432;41;1300;162;1;487;160;300;true
KI0431L11;13444;11;1300;158;1;475;40;300;true
KI0431L21;13444;21;1300;158;2;476;310;300;true
KI0431L31;13444;31;1300;158;0;474;340;300;true
KI0437L11;13421;11;1300;94;0;282;670;300;true
KI0437L21;13421;21;1300;94;1;283;150;300;true
KI0437L31;13421;31;1300;94;2;284;790;300;true
KI0440L11;13428;11;1300;138;0;414;830;300;true
KI0440L21;13428;21;1300;138;1;415;820;300;true
KI0440L31;13428;31;1300;138;2;416;610;300;true
KI0441L11;13416;11;1300;3;0;9;280;300;true
KI0441L21;13416;21;1300;3;1;10;330;300;true
KI0441L31;13416;31;1300;3;2;11;210;300;true
KI0442L11;13415;11;1300;26;1;79;560;300;true
KI0442L21;13415;21;1300;26;0;78;390;300;true
KI0442L31;13415;31;1300;26;2;80;540;300;true
KI0443L11;13444;11;1300;137;0;411;380;300;true
KI0443L21;13444;21;1300;137;1;412;420;300;true
KI0443L31;13444;31;1300;137;2;413;510;300;true
KI0449L11;13432;11;1300;39;2;119;700;300;true
KI0449L21;13432;21;1300;39;1;118;140;300;true
KI0449L31;13432;31;1300;39;0;117;790;300;true
KI0454L11;13401;11;1300;33;2;101;30;300;true
KI0454L21;13401;21;1300;33;1;100;670;300;true
KI0454L31;13401;31;1300;33;0;99;770;300;true
KI0457L11;13444;11;1300;72;1;217;380;300;true
KI0457L21;13444;21;1300;72;2;218;370;300;true
KI0457L31;13444;31;1300;72;0;216;390;300;true
KI0459L11;13432;11;1300;130;2;392;550;300;true
KI0459L21;13432;21;1300;130;1;391;460;300;true
KI0459L31;13432;31;1300;130;0;390;220;300;true
KI0460L11;13415;11;1300;52;2;158;260;300;true
KI0460L21;13415;21;1300;52;0;156;190;300;true
KI0460L31;13415;31;1300;52;1;157;30;300;true
KI0462L11;13444;11;1300;24;0;72;340;300;true
KI0462L21;13444;21;1300;24;1;73;480;300;true
KI0462L31;13444;31;1300;24;2;74;610;300;true
KI0468L11;13401;11;1300;52;0;156;90;300;true
KI0468L21;13401;21;1300;52;1;157;330;300;true
KI0468L31;13401;31;1300;52;2;158;260;300;true
KI0469L11;13443;11;1300;37;2;113;580;300;true
KI0469L21;13443;21;1300;37;0;111;430;300;true
KI0469L31;13443;31;1300;37;1;112;820;300;true
KI0474L11;13431;11;1300;43;2;131;810;300;true
KI0474L21;13431;21;1300;43;0;129;560;300;true
KI0474L31;13431;31;1300;43;1;130;440;300;true
KI0476L11;13416;11;1300;109;0;327;820;300;true
KI0476L21;13416;21;1300;109;1;328;380;300;true
KI0476L31;13416;31;1300;109;2;329;120;300;true
KI0477L11;13415;11;1300;126;2;380;340;300;true
KI0477L21;13415;21;1300;126;0;378;190;300;true
KI0477L31;13415;31;1300;126;1;379;160;300;true
KI0478L11;13428;11;1300;55;0;165;470;300;true
KI0478L21;13428;21;1300;55;1;166;580;300;true
KI0478L31;13428;31;1300;55;2;167;500;300;true
KI0478L41;13428;41;1300;56;1;169;600;300;true
KI0480L11;13419;11;1300;78;0;234;590;300;true
KI0480L21;13419;21;1300;78;1;235;300;300;true
KI0480L31;13419;31;1300;78;2;236;350;300;true
KI0481L11;13404;11;1300;42;1;127;0;0;true
KI0481L21;13404;21;1300;42;2;128;740;0;true
KI0481L31;13404;31;1300;42;0;126;130;0;true
KI0482L11;13416;11;1300;102;1;307;0;300;true
KI0482L21;13416;21;1300;102;0;306;390;300;true
KI0482L31;13416;31;1300;102;2;308;690;300;true
KI0487L11;13443;11;1300;5;2;17;670;300;true
KI0487L21;13443;21;1300;5;1;16;230;300;true
KI0487L31;13443;31;1300;5;0;15;750;300;true
KI0490L11;13443;11;1300;135;2;407;70;300;true
KI0490L21;13443;21;1300;135;1;406;450;300;true
KI0490L31;13443;31;1300;135;0;405;110;300;true
KI0493L11;13432;11;1300;15;2;47;370;300;true
KI0493L21;13432;21;1300;15;1;46;360;300;true
KI0493L31;13432;31;1300;15;0;45;310;300;true
KI0497L11;13419;11;1300;35;1;106;310;300;true
KI0497L21;13419;21;1300;35;0;105;160;300;true
KI0497L31;13419;31;1300;35;2;107;140;300;true
KI0499L11;13428;11;1300;58;0;174;290;300;true
KI0499L21;13428;21;1300;58;1;175;670;300;true
KI0499L31;13428;31;1300;58;2;176;10;300;true
KI0500L11;13416;11;1300;54;0;162;60;300;true
KI0500L21;13416;21;1300;54;1;163;410;300;true
KI0500L31;13416;31;1300;54;2;164;100;300;true
KI0502L11;13442;11;1300;97;1;292;350;0;true
KI0502L21;13442;21;1300;97;2;293;70;300;true
KI0502L31;13442;31;1300;97;0;291;790;0;true
KI0503L11;13417;11;1300;45;1;136;410;300;true
KI0503L21;13417;21;1300;45;0;135;80;300;true
KI0503L31;13417;31;1300;45;2;137;740;300;true
KI0504L11;13419;11;1300;4;0;12;0;300;true
KI0504L21;13419;21;1300;4;1;13;140;300;true
KI0504L31;13419;31;1300;4;2;14;620;300;true
KI0512L11;13421;11;1300;152;0;456;0;0;true
KI0512L21;13421;21;1300;152;1;457;580;0;true
KI0512L31;13421;31;1300;152;2;458;390;0;true
KI0514L11;13431;11;1300;53;2;161;540;300;true
KI0514L21;13431;21;1300;53;1;160;210;300;true
KI0514L31;13431;31;1300;53;0;159;800;300;true
KI0521L11;13417;11;1300;39;2;119;90;300;true
KI0521L21;13417;21;1300;39;1;118;390;300;true
KI0521L31;13417;31;1300;39;0;117;50;300;true
KI0522L11;13417;11;1300;165;2;497;790;300;true
KI0522L21;13417;21;1300;165;1;496;740;300;true
KI0522L31;13417;31;1300;165;0;495;290;300;true
KI0523L11;13428;11;1300;125;1;376;780;300;true
KI0523L21;13428;21;1300;125;2;377;770;300;true
KI0523L31;13428;31;1300;125;0;375;370;300;true
KI0524L11;13428;11;1300;16;0;48;110;300;true
KI0524L21;13428;21;1300;16;1;49;20;300;true
KI0524L31;13428;31;1300;16;2;50;0;300;true
KI0530L11;13417;11;1300;53;2;161;410;300;true
KI0530L21;13417;21;1300;53;1;160;70;300;true
KI0530L31;13417;31;1300;53;0;159;810;300;true
KI0531L11;13417;11;1300;104;2;314;60;300;true
KI0531L21;13417;21;1300;104;1;313;350;300;true
KI0531L31;13417;31;1300;104;0;312;320;300;true
KI0532L11;13417;11;1300;106;2;320;330;300;true
KI0532L21;13417;21;1300;106;1;319;600;300;true
KI0532L31;13417;31;1300;106;0;318;470;300;true
KI0535L11;13419;11;1300;76;0;228;190;300;true
KI0535L21;13419;21;1300;76;2;230;80;300;true
KI0535L31;13419;31;1300;76;1;229;200;300;true
KI0538L11;13416;11;1300;59;0;177;220;300;true
KI0538L21;13416;21;1300;59;1;178;40;300;true
KI0538L31;13416;31;1300;59;2;179;250;300;true
KI0539L11;13419;11;1300;19;0;57;830;300;true
KI0539L21;13419;21;1300;19;1;58;790;300;true
KI0539L31;13419;31;1300;19;2;59;730;300;true
KI0542L11;13401;11;1300;110;0;330;270;0;true
KI0542L21;13401;21;1300;10;1;31;70;0;true
KI0542L31;13401;31;1300;120;2;362;220;0;true
KI0544L11;13443;11;1300;0;2;2;320;300;true
KI0544L21;13443;21;1300;0;1;1;550;300;true
KI0544L31;13443;31;1300;0;0;0;680;300;true
KI0545L11;13428;11;1300;13;0;39;560;300;true
KI0545L21;13428;21;1300;13;1;40;250;300;true
KI0545L31;13428;31;1300;13;2;41;810;300;true
KI0552L11;13421;11;1300;35;0;105;0;300;true
KI0552L21;13421;21;1300;35;1;106;390;300;true
KI0552L31;13421;31;1300;35;2;107;640;300;true
KI0555L11;13401;11;1300;34;0;102;550;0;true
KI0555L21;13401;21;1300;34;1;103;670;0;true
KI0555L31;13401;31;1300;34;2;104;590;0;true
KI0556L11;13401;11;1300;65;0;195;510;300;true
KI0556L21;13401;21;1300;65;1;196;640;300;true
KI0556L31;13401;31;1300;65;2;197;830;300;true
KI0557L11;13401;11;1300;165;0;495;120;300;true
KI0557L21;13401;21;1300;165;1;496;740;300;true
KI0557L31;13401;31;1300;165;2;497;680;300;true
KI0562L11;13401;11;1300;104;2;314;820;300;true
KI0562L21;13401;21;1300;104;1;313;470;300;true
KI0562L31;13401;31;1300;104;0;312;590;300;true
KI0565L11;13416;11;1300;50;0;150;510;300;true
KI0565L13;13416;13;3150;3;1;10;390;0;true
KI0565L14;13416;14;3425;3;1;10;390;0;true
KI0565L21;13416;21;1300;50;1;151;640;300;true
KI0565L23;13416;23;3150;3;2;11;130;0;true
KI0565L24;13416;24;3425;3;2;11;130;0;true
KI0565L31;13416;31;1300;50;2;152;310;300;true
KI0565L33;13416;33;3150;3;0;9;330;0;true
KI0565L34;13416;34;3425;3;0;9;330;0;true
KI0567L11;13416;11;1300;145;0;435;30;300;true
KI0567L21;13416;21;1300;145;1;436;820;300;true
KI0567L31;13416;31;1300;145;2;437;770;300;true
KI0573L11;13431;11;1300;112;2;338;580;0;true
KI0573L21;13431;21;1300;112;0;336;780;300;true
KI0573L31;13431;31;1300;112;1;337;660;300;true
KI0574L11;13444;11;1300;93;1;280;440;300;true
KI0574L21;13444;21;1300;93;2;281;390;300;true
KI0574L31;13444;31;1300;93;0;279;280;300;true
KI0577L11;13415;11;1300;144;2;434;40;300;true
KI0577L21;13415;21;1300;144;0;432;620;300;true
KI0577L31;13415;31;1300;144;1;433;170;300;true
KI0578L11;13416;11;1300;14;1;43;180;0;true
KI0578L21;13416;21;1300;14;0;42;660;0;true
KI0578L31;13416;31;1300;14;2;44;490;0;true
KI0581L11;13444;11;1300;25;0;75;400;300;true
KI0581L21;13444;21;1300;25;2;77;120;300;true
KI0581L31;13444;31;1300;25;1;76;570;300;true
KI0584L11;13421;11;1300;120;0;360;60;0;true
KI0584L21;13421;21;1300;90;1;271;760;0;true
KI0584L31;13421;31;1300;70;2;212;460;0;true
KI0588L11;13403;11;1300;32;1;97;50;300;true
KI0588L21;13403;21;1300;32;0;96;810;300;true
KI0588L31;13403;31;1300;32;2;98;690;300;true
KI0590L11;13403;11;1300;18;1;55;440;300;true
KI0590L21;13403;21;1300;18;0;54;800;300;true
KI0590L31;13403;31;1300;18;2;56;250;300;true
KI0593L11;13419;11;1300;59;0;177;140;300;true
KI0593L21;13419;21;1300;59;2;179;280;300;true
KI0593L31;13419;31;1300;59;1;178;380;300;true
KI0594L11;13419;11;1300;148;0;444;680;300;true
KI0594L21;13419;21;1300;148;2;446;830;300;true
KI0594L31;13419;31;1300;148;1;445;0;300;true
KI0597L11;13428;11;1300;130;0;390;230;300;true
KI0597L21;13428;21;1300;130;1;391;150;300;true
KI0597L31;13428;31;1300;130;2;392;290;300;true
KI0598L11;13428;11;1300;115;1;346;60;300;true
KI0598L21;13428;21;1300;115;2;347;190;300;true
KI0598L31;13428;31;1300;115;0;345;160;300;true
KI0601L11;13419;11;1300;61;0;183;420;300;true
KI0601L21;13419;21;1300;61;2;185;540;300;true
KI0601L31;13419;31;1300;61;1;184;10;300;true
KI0602L11;13432;11;1300;148;2;446;200;300;true
KI0602L21;13432;21;1300;148;1;445;110;300;true
KI0602L31;13432;31;1300;148;0;444;290;300;true
KI0604L11;13432;11;1300;167;2;503;10;300;true
KI0604L21;13432;21;1300;167;1;502;730;300;true
KI0604L31;13432;31;1300;167;0;501;490;300;true
KI0605L11;13417;11;1300;88;2;266;110;300;true
KI0605L21;13417;21;1300;88;1;265;30;300;true
KI0605L31;13417;31;1300;88;0;264;120;300;true
KI0610L11;13428;11;1300;155;0;465;300;300;true
KI0610L21;13428;21;1300;155;1;466;400;300;true
KI0610L31;13428;31;1300;155;2;467;150;300;true
KI0618L11;13421;11;1300;47;2;143;800;300;true
KI0618L21;13421;21;1300;47;1;142;130;300;true
KI0621L11;13421;11;1300;2;2;8;670;300;true
KI0621L21;13421;21;1300;2;1;7;260;300;true
KI0621L31;13421;31;1300;2;0;6;630;300;true
KI0624L11;13419;11;1300;111;0;333;390;300;true
KI0624L21;13419;21;1300;111;2;335;310;300;true
KI0624L31;13419;31;1300;111;1;334;330;300;true
KI0626L11;13404;11;1300;52;1;157;220;300;true
KI0626L21;13404;21;1300;52;2;158;400;300;true
KI0626L31;13404;31;1300;52;0;156;570;300;true
KI0628L11;13415;11;1300;134;0;402;460;300;true
KI0628L21;13415;21;1300;134;2;404;670;300;true
KI0628L31;13415;31;1300;134;1;403;710;300;true
KI0632L11;13419;11;1300;2;0;6;20;300;true
KI0632L21;13419;21;1300;2;2;8;480;300;true
KI0632L31;13419;31;1300;2;1;7;290;300;true
KI0634L11;13428;11;1300;96;0;288;80;300;true
KI0634L21;13428;21;1300;96;1;289;230;300;true
KI0634L31;13428;31;1300;96;2;290;760;300;true
KI0635L11;13417;11;1300;28;2;86;490;300;true
KI0635L21;13417;21;1300;28;1;85;140;300;true
KI0635L31;13417;31;1300;28;0;84;370;300;true
KI0636L11;13432;11;1300;121;2;365;210;300;true
KI0636L21;13432;21;1300;121;1;364;660;300;true
KI0636L31;13432;31;1300;121;0;363;450;300;true
KI0640L11;13417;11;1300;79;2;239;280;300;true
KI0640L21;13417;21;1300;79;1;238;560;300;true
KI0640L31;13417;31;1300;79;0;237;530;300;true
KI0645L11;13444;11;1300;142;0;426;470;300;true
KI0645L21;13444;21;1300;142;1;427;190;300;true
KI0645L31;13444;31;1300;142;2;428;160;300;true
KI0653L11;13443;11;1300;120;1;361;160;300;true
KI0653L21;13443;21;1300;120;2;362;570;300;true
KI0653L31;13443;31;1300;120;0;360;400;300;true
KI0660L11;13403;11;1300;120;2;362;410;0;false
KI0660L21;13403;21;1300;40;0;120;80;0;false
KI0660L31;13403;31;1300;150;1;451;720;0;false
KI0663L11;13442;11;1300;98;1;295;10;0;true
KI0663L21;13442;21;1300;98;0;294;20;0;true
KI0663L31;13442;31;1300;98;2;296;30;0;true
KI0664L11;13401;11;1300;90;0;270;210;0;true
KI0664L21;13401;21;1300;60;1;181;310;0;true
KI0664L31;13401;31;1300;140;2;422;740;0;true
KI0667L11;13444;11;1300;123;0;369;700;300;true
KI0667L21;13444;21;1300;123;1;370;490;300;true
KI0667L31;13444;31;1300;123;2;371;100;300;true
KI0674L11;13419;11;1300;38;1;115;670;300;true
KI0674L21;13419;21;1300;38;0;114;610;300;true
KI0674L31;13419;31;1300;38;2;116;740;300;true
KI0675L11;13431;11;1300;1;2;5;720;300;true
KI0675L21;13431;21;1300;1;1;4;490;300;true
KI0675L31;13431;31;1300;1;0;3;280;300;true
KI0676L11;13444;11;1300;120;0;360;110;300;true
KI0676L21;13444;21;1300;120;1;361;790;300;true
KI0676L31;13444;31;1300;120;2;362;140;300;true
KI0684L11;13419;11;1300;10;1;31;440;300;true
KI0684L21;13419;21;1300;10;0;30;10;300;true
KI0684L31;13419;31;1300;10;2;32;490;300;true
KI0687L11;13401;11;1300;136;0;408;290;300;true
KI0687L21;13401;21;1300;136;2;410;500;300;true
KI0687L31;13401;31;1300;136;1;409;180;300;true
KI0689L11;13419;11;1300;31;0;93;360;300;true
KI0689L21;13419;21;1300;31;1;94;490;300;true
KI0689L31;13419;31;1300;31;2;95;70;300;true
KI0692L11;13419;11;1300;12;0;36;0;300;true
KI0692L21;13419;21;1300;12;1;37;830;300;true
KI0692L31;13419;31;1300;12;2;38;10;300;true
KI0701L11;13428;11;1300;110;0;330;80;300;true
KI0701L21;13428;21;1300;110;1;331;10;300;true
KI0701L31;13428;31;1300;110;2;332;220;300;true
KI0702L11;13419;11;1300;58;2;176;90;300;true
KI0702L21;13419;21;1300;58;1;175;520;300;true
KI0702L31;13419;31;1300;58;0;174;250;300;true
KI0703L11;13419;11;1300;138;2;416;480;300;true
KI0703L21;13419;21;1300;138;1;415;550;300;true
KI0703L31;13419;31;1300;138;0;414;720;300;true
KI0704L11;13419;11;1300;149;2;449;170;300;true
KI0704L21;13419;21;1300;149;1;448;230;300;true
KI0704L31;13419;31;1300;149;0;447;650;300;true
KI0706L11;13417;11;1300;153;2;461;290;300;true
KI0706L21;13417;21;1300;153;1;460;650;300;true
KI0706L31;13417;31;1300;153;0;459;200;300;true
KI0708L11;13443;11;1300;81;1;244;20;300;true
KI0708L21;13443;21;1300;81;0;243;190;300;true
KI0708L31;13443;31;1300;81;2;245;590;300;true
KI0709L11;13417;11;1300;89;2;269;240;300;true
KI0709L21;13417;21;1300;89;1;268;650;300;true
KI0709L31;13417;31;1300;89;0;267;760;300;true
KI0711L11;13431;11;1300;22;0;66;140;300;true
KI0711L21;13431;21;1300;22;1;67;430;300;true
KI0711L31;13431;31;1300;22;2;68;820;300;true
KI0713L11;13444;11;1300;96;2;290;170;300;true
KI0713L21;13444;21;1300;96;1;289;450;300;true
KI0713L31;13444;31;1300;96;0;288;90;300;true
KI0714L11;13432;11;1300;155;2;467;10;300;true
KI0714L21;13432;21;1300;155;1;466;240;300;true
KI0714L31;13432;31;1300;155;0;465;180;300;true
KI0715L11;13417;11;1300;18;2;56;810;300;true
KI0715L21;13417;21;1300;18;1;55;130;300;true
KI0715L31;13417;31;1300;18;0;54;50;300;true
KI0716L11;13432;11;1300;87;2;263;260;300;true
KI0716L21;13432;21;1300;87;1;262;640;300;true
KI0716L31;13432;31;1300;87;0;261;280;300;true
KI0717L11;13428;11;1300;123;0;369;280;300;true
KI0717L21;13428;21;1300;123;1;370;420;300;true
KI0717L31;13428;31;1300;123;2;371;170;300;true
KI0726L11;13432;11;1300;149;2;449;800;300;true
KI0726L21;13432;21;1300;149;1;448;420;300;true
KI0726L31;13432;31;1300;149;0;447;660;300;true
KI0727L11;13432;11;1300;113;2;341;580;300;true
KI0727L21;13432;21;1300;113;1;340;400;300;true
KI0727L31;13432;31;1300;113;0;339;100;300;true
KI0731L11;13403;11;1300;13;0;39;260;300;true
KI0731L21;13403;21;1300;13;1;40;640;300;true
KI0731L31;13403;31;1300;13;2;41;150;300;true
KI0740L11;13432;11;1300;7;2;23;190;300;true
KI0740L21;13432;21;1300;7;1;22;20;300;true
KI0740L31;13432;31;1300;8;0;24;60;300;true
KI0740L41;13432;41;1300;7;0;21;550;300;true
KI0744L11;13415;11;1300;107;2;323;610;300;true
KI0744L21;13415;21;1300;107;0;321;540;300;true
KI0744L31;13415;31;1300;107;1;322;810;300;true
KI0745L11;13444;11;1300;0;2;2;360;300;true
KI0745L21;13444;21;1300;0;1;1;320;300;true
KI0745L31;13444;31;1300;0;0;0;530;300;true
KI0747L11;13428;11;1300;74;0;222;220;300;true
KI0747L21;13428;21;1300;74;1;223;320;300;true
KI0747L31;13428;31;1300;74;2;224;650;300;true
KI0766L11;13432;11;1300;163;2;491;160;300;true
KI0766L21;13432;21;1300;163;1;490;740;300;true
KI0766L31;13432;31;1300;163;0;489;830;300;true
KI0776L11;13428;11;1300;150;1;451;660;300;true
KI0776L21;13428;21;1300;150;2;452;50;300;true
KI0776L31;13428;31;1300;150;0;450;800;300;true
KI0788L11;13419;11;1300;63;1;190;630;300;true
KI0788L21;13419;21;1300;63;0;189;430;300;true
KI0788L31;13419;31;1300;63;2;191;240;300;true
KI0789L11;13415;11;1300;83;1;250;240;300;true
KI0789L21;13415;21;1300;83;0;249;290;300;true
KI0789L31;13415;31;1300;84;1;253;580;300;true
KI0789L41;13415;41;1300;84;2;254;510;300;true
KI0793L11;13444;11;1300;121;0;363;0;300;true
KI0793L21;13444;21;1300;121;1;364;820;300;true
KI0793L31;13444;31;1300;121;2;365;810;300;true
KI0797L11;13417;11;1300;135;2;407;590;300;true
KI0797L21;13417;21;1300;135;1;406;400;300;true
KI0797L31;13417;31;1300;135;0;405;600;300;true
KI0800L11;13432;11;1300;69;2;209;630;300;true
KI0800L21;13432;21;1300;68;2;206;190;300;true
KI0800L31;13432;31;1300;68;1;205;30;300;true
KI0800L41;13432;41;1300;69;0;207;120;300;true
KI0806L11;13403;11;1300;104;0;312;180;300;true
KI0806L21;13403;21;1300;104;2;314;510;300;true
KI0806L31;13403;31;1300;104;1;313;40;300;true
KI0808L11;13421;11;1300;82;2;248;580;300;true
KI0808L21;13421;21;1300;82;1;247;790;300;true
KI0808L31;13421;31;1300;82;0;246;390;300;true
KI0809L11;13432;11;1300;147;2;443;510;300;true
KI0809L21;13432;21;1300;147;1;442;640;300;true
KI0809L31;13432;31;1300;147;0;441;560;300;true
KI0831L11;13401;11;1300;90;0;270;40;300;true
KI0831L21;13401;21;1300;90;1;271;10;300;true
KI0831L31;13401;31;1300;90;2;272;160;300;true
KI0842L11;13416;11;1300;155;0;465;160;300;true
KI0842L21;13416;21;1300;155;1;466;270;300;true
KI0842L31;13416;31;1300;155;2;467;230;300;true
KI0895L11;13432;11;1300;76;2;230;720;300;true
KI0895L21;13432;21;1300;76;1;229;500;300;true
KI0895L31;13432;31;1300;76;0;228;770;300;true
KI1015L11;13401;11;1300;154;1;463;580;300;true
KI1015L21;13401;21;1300;154;2;464;770;300;true
KI1015L31;13401;31;1300;154;0;462;610;300;true
KI1018L11;13444;11;1300;140;2;422;210;300;true
KI1018L21;13444;21;1300;140;1;421;180;300;true
KI1018L31;13444;31;1300;140;0;420;460;300;true
KI1101L11;13444;11;1300;152;2;458;250;300;true
KI1101L21;13444;21;1300;152;1;457;390;300;true
KI1101L31;13444;31;1300;152;0;456;0;300;true
KI1156L11;13444;11;1300;72;2;218;370;300;true
KI1156L21;13444;21;1300;72;1;217;310;300;true
KI1156L31;13444;31;1300;72;0;216;660;300;true
KI1182L11;13416;11;1300;98;1;295;10;0;true
KI1182L21;13416;21;1300;98;0;294;20;0;true
KI1182L31;13416;31;1300;98;2;296;30;0;true
KI1301L11;13428;11;1300;139;0;417;30;300;true
KI1301L21;13428;21;1300;139;1;418;340;300;true
KI1301L31;13428;31;1300;139;2;419;690;300;true
KI2003L11;13413;11;1300;40;2;122;320;0;false
KI2003L21;13413;21;1300;120;0;360;170;0;false
KI2003L31;13413;31;1300;30;1;91;790;0;false
KI2005L21;13413;21;1300;100;1;301;10;0;false
KI2005L31;13413;31;1300;20;2;62;330;0;false
KI2006L11;13413;11;1300;70;0;210;690;0;false
KI2006L21;13413;21;1300;130;1;391;160;0;false
KI2006L31;13413;31;1300;80;2;242;660;0;false
KI2011L11;13413;11;1300;1;0;3;710;0;false
KI2011L21;13413;21;1300;1;2;5;440;0;false
KI2011L31;13413;31;1300;1;1;4;740;0;false
KI2053L11;13406;11;1300;29;1;88;720;0;true
KI2053L21;13406;21;1300;29;0;87;480;0;true
KI2053L31;13406;31;1300;29;2;89;640;0;true
KI2055L11;13406;11;1300;102;2;308;60;0;true
KI2055L21;13406;21;1300;102;0;306;450;0;true
KI2055L31;13406;31;1300;102;1;307;690;0;true
KI2070L11;13406;11;1300;43;0;129;410;0;true
KI2070L21;13406;21;1300;43;2;131;760;0;true
KI2070L31;13406;31;1300;43;1;130;570;0;true
KI2071L11;13406;11;1300;121;2;365;650;0;true
KI2071L21;13406;21;1300;121;0;363;520;0;true
KI2071L31;13406;31;1300;121;1;364;690;0;true
KI2072L11;13406;11;1300;61;2;185;720;300;true
KI2072L21;13406;21;1300;61;0;183;570;300;true
KI2072L31;13406;31;1300;61;1;184;500;300;true
KI2073L11;13406;11;1300;149;2;449;280;0;true
KI2073L21;13406;21;1300;149;0;447;780;0;true
KI2073L31;13406;31;1300;149;1;448;460;0;true
KI2720L11;13419;11;1300;90;0;270;560;0;false
KI2720L21;13419;21;1300;100;1;301;40;0;false
KI2720L31;13419;31;1300;130;2;392;810;0;false
KI2721L11;13419;11;1300;70;0;210;510;0;false
KI2721L21;13419;21;1300;40;1;121;580;0;false
KI2721L31;13419;31;1300;10;2;32;770;0;false
KI3902L11;13406;11;1300;111;0;333;660;0;true
KI3902L21;13406;21;1300;111;1;334;700;0;true
KI3902L31;13406;31;1300;111;2;335;100;0;true
KI6026L11;13431;11;1300;57;0;171;280;0;true
KI6026L13;13431;13;3150;84;1;253;550;0;true
KI6026L14;13431;14;3425;84;1;253;550;0;true
KI6026L21;13431;21;1300;57;1;172;290;0;true
KI6026L23;13431;23;3150;84;2;254;530;0;true
KI6026L24;13431;24;3425;84;2;254;530;0;true
MY0001L11;14001;11;1300;48;0;144;570;300;true
MY0001L21;14001;21;1300;48;1;145;110;300;true
MY0001L31;14001;31;1300;48;2;146;730;300;true
MY0004L11;14009;11;1300;129;2;389;430;300;true
MY0004L21;14009;21;1300;129;1;388;480;300;true
MY0004L31;14009;31;1300;129;0;387;700;300;true
MY0005L11;14001;11;1300;49;0;147;550;300;true
MY0005L21;14001;21;1300;49;1;148;280;300;true
MY0005L31;14001;31;1300;49;2;149;520;300;true
MY0006L11;14009;11;1300;115;1;346;0;300;true
MY0006L21;14009;21;1300;115;2;347;360;300;true
MY0006L31;14009;31;1300;115;0;345;210;300;true
MY0008L11;14001;11;1300;59;0;177;490;300;true
MY0008L21;14001;21;1300;59;1;178;80;300;true
MY0008L31;14001;31;1300;59;2;179;560;300;true
MY0009L11;14009;11;1300;47;2;143;390;300;true
MY0009L21;14009;21;1300;47;1;142;200;300;true
MY0009L31;14009;31;1300;47;0;141;180;300;true
MY0012L11;14025;11;1300;0;0;0;790;300;true
MY0012L21;14025;21;1300;0;1;1;130;300;true
MY0012L31;14025;31;1300;0;2;2;340;300;true
MY0013L11;14025;11;1300;93;1;280;600;300;true
MY0013L21;14025;21;1300;93;2;281;0;300;true
MY0013L31;14025;31;1300;93;0;279;700;300;true
MY0016L11;14001;11;1300;39;2;119;610;300;true
MY0016L21;14001;21;1300;39;1;118;0;300;true
MY0016L31;14001;31;1300;39;0;117;630;300;true
MY0017L11;14001;11;1300;28;0;84;480;300;true
MY0017L21;14001;21;1300;28;1;85;360;300;true
MY0017L31;14001;31;1300;28;2;86;750;300;true
MY0019L11;14001;11;1300;7;0;21;90;300;true
MY0019L21;14001;21;1300;7;1;22;410;300;true
MY0019L31;14001;31;1300;7;2;23;770;300;true
MY0020L11;14001;11;1300;94;1;283;10;300;true
MY0020L21;14001;21;1300;94;2;284;800;300;true
MY0020L31;14001;31;1300;94;0;282;230;300;true
MY0021L11;14009;11;1300;123;2;371;120;300;true
MY0021L21;14009;21;1300;123;1;370;710;300;true
MY0021L31;14009;31;1300;123;0;369;690;300;true
MY0022L11;14001;11;1300;127;1;382;620;300;true
MY0022L21;14001;21;1300;127;2;383;510;300;true
MY0022L31;14001;31;1300;127;0;381;60;300;true
MY0026L11;14009;11;1300;42;1;127;630;300;true
MY0026L21;14009;21;1300;42;0;126;190;300;true
MY0026L31;14009;31;1300;42;2;128;660;300;true
MY0027L11;14001;11;1300;140;1;421;420;300;true
MY0027L21;14001;21;1300;140;2;422;400;300;true
MY0027L31;14001;31;1300;140;0;420;340;300;true
MY0029L11;14009;11;1300;13;2;41;30;300;true
MY0029L21;14009;21;1300;13;1;40;300;300;true
MY0029L31;14009;31;1300;13;0;39;780;300;true
MY0030L11;14009;11;1300;14;2;44;650;300;true
MY0030L21;14009;21;1300;14;1;43;80;300;true
MY0030L31;14009;31;1300;14;0;42;640;300;true
MY0032L11;14001;11;1300;110;0;330;20;300;true
MY0032L21;14001;21;1300;110;1;331;100;300;true
MY0032L31;14001;31;1300;110;2;332;170;300;true
MY0033L11;14009;11;1300;87;2;263;410;300;true
MY0033L21;14009;21;1300;87;1;262;60;300;true
MY0033L31;14009;31;1300;87;0;261;770;300;true
MY0034L11;14001;11;1300;47;0;141;330;300;true
MY0034L21;14001;21;1300;47;1;142;690;300;true
MY0034L31;14001;31;1300;47;2;143;70;300;true
MY0035L11;14001;11;1300;19;1;58;230;300;true
MY0035L21;14001;21;1300;19;2;59;340;300;true
MY0035L31;14001;31;1300;19;0;57;200;300;true
MY0036L11;14001;11;1300;27;1;82;810;300;true
MY0036L21;14001;21;1300;27;2;83;290;300;true
MY0036L31;14001;31;1300;27;0;81;510;300;true
MY0038L11;14001;11;1300;70;0;210;610;300;true
MY0038L21;14001;21;1300;70;1;211;630;300;true
MY0038L31;14001;31;1300;70;2;212;0;300;true
MY0039L11;14001;11;1300;79;0;237;440;300;true
MY0039L21;14001;21;1300;79;1;238;60;300;true
MY0039L31;14001;31;1300;79;2;239;310;300;true
MY0040L11;14001;11;1300;83;0;249;190;300;true
MY0040L21;14001;21;1300;83;1;250;740;300;true
MY0040L31;14001;31;1300;83;2;251;680;300;true
MY0042L11;14001;11;1300;82;1;247;580;300;true
MY0042L21;14001;21;1300;82;2;248;270;300;true
MY0042L31;14001;31;1300;82;0;246;320;300;true
MY0043L11;14001;11;1300;120;1;361;790;300;true
MY0043L21;14001;21;1300;120;0;360;800;300;true
MY0043L31;14001;31;1300;120;2;362;140;300;true
MY0044L11;14001;11;1300;136;0;408;760;300;true
MY0044L21;14001;21;1300;136;1;409;560;300;true
MY0044L31;14001;31;1300;136;2;410;180;300;true
MY0045L11;14001;11;1300;75;1;226;370;300;true
MY0045L21;14001;21;1300;75;2;227;770;300;true
MY0045L31;14001;31;1300;75;0;225;160;300;true
MY0047L11;14001;11;1300;52;0;156;390;300;true
MY0047L21;14001;21;1300;52;1;157;120;300;true
MY0047L31;14001;31;1300;52;2;158;760;300;true
MY0048L11;14009;11;1300;159;0;477;260;300;true
MY0048L21;14009;21;1300;159;1;478;680;300;true
MY0048L31;14009;31;1300;159;2;479;670;300;true
MY0049L11;14009;11;1300;142;1;427;220;300;true
MY0049L21;14009;21;1300;142;2;428;140;300;true
MY0049L31;14009;31;1300;142;0;426;370;300;true
MY0050L11;14009;11;1300;3;0;9;40;300;true
MY0050L21;14009;21;1300;3;1;10;500;300;true
MY0050L31;14009;31;1300;3;2;11;160;300;true
MY0051L11;14001;11;1300;164;0;492;450;300;true
MY0051L21;14001;21;1300;164;1;493;440;300;true
MY0051L31;14001;31;1300;164;2;494;90;300;true
MY0052L11;14009;11;1300;149;0;447;50;300;true
MY0052L21;14009;21;1300;149;1;448;310;300;true
MY0052L31;14009;31;1300;149;2;449;650;300;true
MY0053L11;14009;11;1300;23;1;70;270;300;true
MY0053L21;14009;21;1300;23;2;71;320;300;true
MY0053L31;14009;31;1300;23;0;69;580;300;true
MY0054L11;14009;11;1300;143;1;430;470;300;true
MY0054L21;14009;21;1300;143;2;431;600;300;true
MY0054L31;14009;31;1300;143;0;429;750;300;true
MY0055L11;14009;11;1300;151;0;453;620;300;true
MY0055L21;14009;21;1300;151;1;454;510;300;true
MY0055L31;14009;31;1300;151;2;455;790;300;true
MY0056L11;14009;11;1300;157;2;473;520;0;true
MY0056L21;14009;21;1300;157;1;472;620;0;true
MY0056L31;14009;31;1300;157;0;471;610;0;true
MY0057L11;14009;11;1300;99;2;299;10;300;true
MY0057L21;14009;21;1300;99;1;298;830;300;true
MY0057L31;14009;31;1300;99;0;297;460;300;true
MY0059L11;14001;11;1300;153;1;460;260;300;true
MY0059L21;14001;21;1300;153;2;461;390;300;true
MY0059L31;14001;31;1300;153;0;459;250;300;true
MY0061L11;14001;11;1300;36;1;109;10;300;true
MY0061L21;14001;21;1300;36;2;110;430;300;true
MY0061L31;14001;31;1300;36;0;108;590;300;true
MY0062L11;14009;11;1300;32;2;98;230;300;true
MY0062L21;14009;21;1300;32;1;97;350;300;true
MY0062L31;14009;31;1300;32;0;96;820;300;true
MY0063L11;14001;11;1300;84;1;253;530;300;true
MY0063L21;14001;21;1300;84;2;254;200;300;true
MY0063L31;14001;31;1300;84;0;252;190;300;true
MY0067L11;14001;11;1300;50;0;150;80;300;true
MY0067L21;14001;21;1300;50;1;151;690;300;true
MY0067L31;14001;31;1300;50;2;152;490;300;true
MY0070L11;14025;11;1300;106;1;319;260;300;true
MY0070L21;14025;21;1300;106;2;320;280;300;true
MY0070L31;14025;31;1300;106;0;318;270;300;true
MY0071L11;14009;11;1300;40;2;122;170;300;true
MY0071L21;14009;21;1300;40;1;121;550;300;true
MY0071L31;14009;31;1300;40;0;120;100;300;true
MY0072L11;14001;11;1300;68;0;204;240;300;true
MY0072L21;14001;21;1300;68;1;205;700;300;true
MY0072L31;14001;31;1300;68;2;206;660;300;true
MY0078L11;14009;11;1300;112;1;337;530;0;true
MY0078L21;14009;21;1300;112;0;336;420;0;true
MY0078L31;14009;31;1300;112;2;338;280;0;true
MY0088L11;14009;11;1300;43;0;129;290;300;true
MY0088L21;14009;21;1300;43;1;130;480;300;true
MY0088L31;14009;31;1300;43;2;131;740;300;true
MY0090L11;14009;11;1300;5;2;17;800;300;true
MY0090L21;14009;21;1300;5;1;16;720;300;true
MY0090L31;14009;31;1300;5;0;15;540;300;true
MY0091L11;14001;11;1300;58;1;175;350;300;true
MY0091L21;14001;21;1300;58;2;176;530;300;true
MY0091L31;14001;31;1300;58;0;174;820;300;true
MY0092L11;14001;11;1300;4;0;12;540;300;true
MY0092L21;14001;21;1300;4;1;13;30;300;true
MY0092L31;14001;31;1300;4;2;14;50;300;true
MY0093L11;14009;11;1300;67;2;203;570;300;true
MY0093L21;14009;21;1300;67;1;202;730;300;true
MY0093L31;14009;31;1300;67;0;201;110;300;true
MY0094L11;14009;11;1300;49;2;149;810;300;true
MY0094L21;14009;21;1300;49;1;148;440;300;true
MY0094L31;14009;31;1300;49;0;147;700;300;true
MY0096L11;14001;11;1300;98;0;294;780;300;true
MY0096L21;14001;21;1300;98;1;295;720;300;true
MY0096L31;14001;31;1300;98;2;296;470;300;true
MY0099L11;14009;11;1300;35;2;107;90;300;true
MY0099L21;14009;21;1300;35;1;106;450;300;true
MY0099L31;14009;31;1300;35;0;105;380;300;true
MY0101L11;14001;11;1300;121;0;363;500;300;true
MY0101L21;14001;21;1300;121;1;364;40;300;true
MY0101L31;14001;31;1300;121;2;365;710;300;true
MY0103L11;14009;11;1300;22;2;68;240;300;true
MY0103L21;14009;21;1300;22;1;67;340;300;true
MY0103L31;14009;31;1300;22;0;66;400;300;true
MY0128L11;14009;11;1300;37;0;111;460;300;true
MY0128L21;14009;21;1300;37;1;112;430;300;true
MY0128L31;14009;31;1300;37;2;113;590;300;true
MY2001L11;14004;11;1300;162;0;486;670;300;true
MY2001L21;14004;21;1300;162;2;488;570;300;true
MY2001L31;14004;31;1300;162;1;487;270;300;true
MY2003L11;14004;11;1300;30;1;91;740;300;true
MY2003L21;14004;21;1300;30;0;90;290;300;true
MY2003L31;14004;31;1300;30;2;92;260;300;true
MY3600L11;14021;11;1300;154;1;463;30;300;true
MY3600L21;14021;21;1300;154;2;464;590;300;true
MY3600L31;14021;31;1300;154;0;462;270;300;true
MY3602L11;14021;11;1300;70;1;211;260;300;true
MY3602L21;14021;21;1300;70;2;212;580;300;true
MY3602L31;14021;31;1300;70;0;210;50;300;true
OD0001L11;14128;11;1300;122;0;366;280;300;true
OD0001L21;14128;21;1300;122;2;368;260;300;true
OD0001L31;14128;31;1300;122;1;367;0;300;true
OD0003L11;14109;11;1300;18;2;56;140;300;true
OD0003L21;14109;21;1300;18;0;54;470;300;true
OD0003L31;14109;31;1300;18;1;55;490;300;true
OD0004L11;14108;11;1300;51;0;153;370;300;true
OD0004L21;14108;21;1300;51;2;155;750;300;true
OD0004L31;14108;31;1300;51;1;154;480;300;true
OD0005L13;14135;13;3150;1;0;3;10;177;true
OD0005L14;14135;14;3425;1;0;3;10;177;true
OD0005L23;14135;23;3150;1;1;4;20;177;true
OD0005L24;14135;24;3425;1;1;4;20;177;true
OD0005L33;14135;33;3150;1;2;5;30;177;true
OD0005L34;14135;34;3425;1;2;5;30;177;true
OD0007L11;14108;11;1300;41;0;123;810;300;true
OD0007L21;14108;21;1300;41;2;125;60;300;true
OD0007L31;14108;31;1300;41;1;124;100;300;true
OD0008L11;14136;11;1300;109;0;327;0;300;true
OD0008L21;14136;21;1300;109;1;328;90;300;true
OD0008L31;14136;31;1300;109;2;329;190;300;true
OD0009L11;14136;11;1300;99;0;297;710;300;true
OD0009L21;14136;21;1300;99;1;298;460;300;true
OD0009L31;14136;31;1300;99;2;299;420;300;true
OD0010L11;14108;11;1300;65;0;195;70;300;true
OD0010L13;14108;13;3150;2;0;6;40;0;true
OD0010L14;14108;14;3425;2;0;6;40;0;true
OD0010L21;14108;21;1300;65;2;197;640;300;true
OD0010L23;14108;23;3150;2;1;7;50;0;true
OD0010L24;14108;24;3425;2;1;7;50;0;true
OD0010L31;14108;31;1300;65;1;196;120;300;true
OD0010L33;14108;33;3150;2;2;8;60;0;true
OD0010L34;14108;34;3425;2;2;8;60;0;true
OD0011L11;14134;11;1300;160;2;482;260;300;true
OD0011L21;14134;21;1300;160;0;480;0;300;true
OD0011L31;14134;31;1300;160;1;481;250;300;true
OD0012L11;14109;11;1300;77;0;231;640;300;true
OD0012L21;14109;21;1300;77;1;232;130;300;true
OD0012L31;14109;31;1300;77;2;233;440;300;true
OD0013L11;14135;11;1300;92;2;278;460;300;true
OD0013L21;14135;21;1300;92;0;276;520;300;true
OD0013L31;14135;31;1300;92;1;277;50;300;true
OD0015L11;14134;11;1300;1;0;3;280;300;true
OD0015L21;14134;21;1300;1;1;4;610;300;true
OD0015L31;14134;31;1300;1;2;5;340;300;true
OD0018L11;14109;11;1300;26;0;78;300;300;true
OD0018L21;14109;21;1300;26;1;79;410;300;true
OD0018L31;14109;31;1300;26;2;80;630;300;true
OD0019L11;14134;11;1300;108;2;326;50;300;true
OD0019L21;14134;21;1300;108;0;324;790;300;true
OD0019L31;14134;31;1300;108;1;325;780;300;true
OD0021L11;14135;11;1300;85;0;255;800;300;true
OD0021L21;14135;21;1300;85;1;256;100;300;true
OD0021L31;14135;31;1300;85;2;257;480;300;true
OD0022L11;14135;11;1300;24;2;74;710;300;true
OD0022L21;14135;21;1300;24;0;72;350;300;true
OD0022L31;14135;31;1300;24;1;73;130;300;true
OD0023L11;14109;11;1300;53;2;161;830;300;true
OD0023L21;14109;21;1300;53;0;159;560;300;true
OD0023L31;14109;31;1300;53;1;160;60;300;true
OD0024L11;14135;11;1300;101;2;305;230;300;true
OD0024L21;14135;21;1300;101;0;303;750;300;true
OD0024L31;14135;31;1300;101;1;304;310;300;true
OD0025L11;14135;11;1300;166;0;498;170;300;true
OD0025L21;14135;21;1300;166;1;499;380;300;true
OD0025L31;14135;31;1300;166;2;500;320;300;true
OD0026L11;14135;11;1300;130;2;392;450;300;true
OD0026L21;14135;21;1300;130;0;390;500;300;true
OD0026L31;14135;31;1300;130;1;391;580;300;true
OD0027L11;14135;11;1300;38;2;116;110;300;true
OD0027L21;14135;21;1300;38;0;114;20;300;true
OD0027L31;14135;31;1300;38;1;115;360;300;true
OD0028L11;14134;11;1300;100;2;302;120;300;true
OD0028L21;14134;21;1300;100;0;300;670;300;true
OD0028L31;14134;31;1300;100;1;301;70;300;true
OD0030L11;14109;11;1300;90;0;270;800;300;true
OD0030L21;14109;21;1300;90;1;271;780;300;true
OD0030L31;14109;31;1300;90;2;272;320;300;true
OD0033L11;14136;11;1300;73;0;219;810;300;true
OD0033L21;14136;21;1300;73;2;221;400;300;true
OD0033L31;14136;31;1300;73;1;220;630;300;true
OD0034L11;14108;11;1300;43;0;129;310;300;true
OD0034L21;14108;21;1300;43;2;131;330;300;true
OD0034L31;14108;31;1300;43;1;130;620;300;true
OD0035L11;14108;11;1300;136;0;408;200;300;true
OD0035L21;14108;21;1300;136;2;410;690;300;true
OD0035L31;14108;31;1300;136;1;409;520;300;true
OD0036L11;14108;11;1300;81;0;243;250;300;true
OD0036L21;14108;21;1300;81;2;245;670;300;true
OD0036L31;14108;31;1300;81;1;244;30;300;true
OD0037L11;14108;11;1300;77;0;231;710;300;true
OD0037L21;14108;21;1300;77;2;233;420;300;true
OD0037L31;14108;31;1300;77;1;232;460;300;true
OD0038L11;14108;11;1300;35;2;107;730;300;true
OD0038L21;14108;21;1300;35;1;106;50;300;true
OD0038L31;14108;31;1300;35;0;105;350;300;true
OD0039L11;14108;11;1300;31;2;95;320;300;true
OD0039L21;14108;21;1300;31;1;94;470;300;true
OD0039L31;14108;31;1300;31;0;93;800;300;true
OD0040L11;14136;11;1300;15;0;45;130;300;true
OD0040L21;14136;21;1300;15;2;47;380;300;true
OD0040L31;14136;31;1300;15;1;46;440;300;true
OD0042L11;14108;11;1300;66;0;198;160;300;true
OD0042L21;14108;21;1300;66;2;200;540;300;true
OD0042L31;14108;31;1300;66;1;199;390;300;true
OD0045L11;14104;11;1300;72;2;218;450;300;true
OD0045L21;14104;21;1300;72;1;217;650;300;true
OD0045L31;14104;31;1300;72;0;216;250;300;true
OD0046L11;14109;11;1300;105;2;317;570;300;true
OD0046L21;14109;21;1300;105;0;315;720;300;true
OD0046L31;14109;31;1300;105;1;316;400;300;true
OD0047L11;14137;11;1300;45;0;135;500;300;true
OD0047L21;14137;21;1300;45;1;136;60;300;true
OD0047L31;14137;31;1300;45;2;137;780;300;true
OD0048L11;14137;11;1300;163;0;489;50;300;true
OD0048L21;14137;21;1300;163;1;490;470;300;true
OD0048L31;14137;31;1300;163;2;491;290;300;true
OD0050L11;14128;11;1300;139;0;417;640;300;true
OD0050L21;14128;21;1300;139;2;419;380;300;true
OD0050L31;14128;31;1300;139;1;418;610;300;true
OD0052L11;14128;11;1300;78;2;236;250;300;true
OD0052L21;14128;21;1300;78;1;235;710;300;true
OD0052L31;14128;31;1300;78;0;234;720;300;true
OD0054L11;14128;11;1300;25;2;77;300;300;true
OD0054L21;14128;21;1300;25;1;76;660;300;true
OD0054L31;14128;31;1300;25;0;75;820;300;true
OD0055L11;14109;11;1300;135;0;405;450;300;true
OD0055L21;14109;21;1300;135;1;406;420;300;true
OD0055L31;14109;31;1300;135;2;407;820;300;true
OD0056L11;14128;11;1300;158;2;476;750;300;true
OD0056L21;14128;21;1300;158;1;475;370;300;true
OD0056L31;14128;31;1300;158;0;474;830;300;true
OD0057L11;14101;11;1300;16;0;48;290;300;true
OD0057L21;14101;21;1300;16;1;49;740;300;true
OD0057L31;14101;31;1300;16;2;50;750;300;true
OD0058L11;14128;11;1300;138;2;416;420;300;true
OD0058L21;14128;21;1300;138;1;415;240;300;true
OD0058L31;14128;31;1300;138;0;414;500;300;true
OD0063L11;14101;11;1300;40;0;120;770;300;true
OD0063L21;14101;21;1300;40;1;121;180;300;true
OD0063L31;14101;31;1300;40;2;122;70;300;true
OD0066L11;14136;11;1300;65;0;195;80;300;true
OD0066L21;14136;21;1300;65;1;196;160;300;true
OD0066L31;14136;31;1300;65;2;197;610;300;true
OD0067L11;14136;11;1300;0;0;0;10;300;true
OD0067L21;14136;21;1300;10;1;31;20;300;true
OD0067L31;14136;31;1300;70;2;212;30;300;true
OD0070L11;14109;11;1300;106;2;320;350;300;true
OD0070L21;14109;21;1300;106;0;318;10;300;true
OD0070L31;14109;31;1300;106;1;319;550;300;true
OD0071L11;14136;11;1300;138;0;414;300;300;true
OD0071L21;14136;21;1300;138;2;416;590;300;true
OD0071L31;14136;31;1300;138;1;415;410;300;true
OD0072L11;14136;11;1300;5;0;15;490;300;true
OD0072L21;14136;21;1300;5;2;17;340;300;true
OD0072L31;14136;31;1300;5;1;16;640;300;true
OD0073L11;14136;11;1300;90;0;270;50;300;true
OD0073L21;14136;21;1300;90;2;272;350;300;true
OD0073L31;14136;31;1300;90;1;271;730;300;true
OD0074L11;14136;11;1300;14;0;42;540;300;true
OD0074L21;14136;21;1300;14;2;44;660;300;true
OD0074L31;14136;31;1300;14;1;43;790;300;true
OD0081L11;14128;11;1300;42;0;126;480;300;true
OD0081L21;14128;21;1300;42;2;128;450;300;true
OD0081L31;14128;31;1300;42;1;127;180;300;true
OD0103L11;14108;11;1300;134;0;402;490;300;true
OD0103L21;14108;21;1300;134;2;404;830;300;true
OD0103L31;14108;31;1300;134;1;403;560;300;true
OD0105L11;14108;11;1300;54;0;162;490;300;true
OD0105L21;14108;21;1300;54;1;163;830;300;true
OD0105L31;14108;31;1300;54;2;164;560;300;true
OD0108L11;14136;11;1300;20;0;60;60;300;true
OD0108L21;14136;21;1300;20;2;62;280;300;true
OD0108L31;14136;31;1300;20;1;61;570;300;true
OD0110L11;14109;11;1300;159;2;479;110;300;true
OD0110L21;14109;21;1300;159;0;477;530;300;true
OD0110L31;14109;31;1300;159;1;478;540;300;true
OD0112L11;14101;11;1300;95;0;285;400;300;true
OD0112L21;14101;21;1300;95;1;286;170;300;true
OD0112L31;14101;31;1300;95;2;287;790;300;true
OD0114L11;14136;11;1300;6;2;20;700;300;true
OD0114L21;14136;21;1300;6;0;18;290;300;true
OD0114L31;14136;31;1300;6;1;19;220;300;true
OD0115L11;14101;11;1300;32;2;98;600;300;true
OD0115L21;14101;21;1300;32;0;96;650;300;true
OD0115L31;14101;31;1300;32;1;97;40;300;true
OD0118L11;14128;11;1300;155;2;467;700;300;true
OD0118L21;14128;21;1300;155;1;466;130;300;true
OD0118L31;14128;31;1300;155;0;465;90;300;true
OD0120L11;14101;11;1300;21;0;63;700;300;true
OD0120L21;14101;21;1300;21;1;64;820;300;true
OD0120L31;14101;31;1300;21;2;65;680;300;true
OD0122L11;14128;11;1300;66;2;200;10;300;true
OD0122L21;14128;21;1300;66;1;199;730;300;true
OD0122L31;14128;31;1300;66;0;198;20;300;true
OD0128L11;14128;11;1300;34;2;104;70;300;true
OD0128L21;14128;21;1300;34;1;103;560;300;true
OD0128L31;14128;31;1300;34;0;102;400;300;true
OD0129L11;14128;11;1300;134;0;402;520;300;true
OD0129L21;14128;21;1300;134;2;404;720;300;true
OD0129L31;14128;31;1300;134;1;403;50;300;true
OD0131L11;14128;11;1300;6;2;20;690;300;true
OD0131L21;14128;21;1300;6;1;19;580;300;true
OD0131L31;14128;31;1300;6;0;18;360;300;true
OD0132L11;14108;11;1300;160;0;480;690;0;true
OD0132L21;14108;21;1300;80;1;241;700;0;true
OD0132L31;14108;31;1300;110;2;332;480;0;true
OD0134L11;14134;11;1300;124;2;374;430;300;true
OD0134L21;14134;21;1300;124;0;372;30;300;true
OD0134L31;14134;31;1300;124;1;373;370;300;true
OD0135L11;14101;11;1300;108;0;324;210;300;true
OD0135L21;14101;21;1300;108;1;325;610;300;true
OD0135L31;14101;31;1300;108;2;326;470;300;true
OD0136L11;14108;11;1300;128;0;384;260;300;true
OD0136L21;14108;21;1300;128;2;386;720;300;true
OD0136L31;14108;31;1300;128;1;385;230;300;true
OD0140L21;14137;21;1300;167;1;502;450;300;true
OD0140L31;14137;31;1300;167;2;503;40;300;true
OD0143L11;14114;11;1300;93;2;281;110;300;true
OD0143L21;14114;21;1300;93;0;279;100;300;true
OD0143L31;14114;31;1300;93;1;280;90;300;true
OD0144L11;14114;11;1300;73;0;219;600;0;true
OD0144L31;14114;31;1300;73;1;220;580;0;true
OD0144L41;14114;41;1300;73;2;221;550;0;true
OD0145L11;14114;11;1300;100;0;300;210;300;true
OD0145L21;14114;21;1300;120;1;361;220;300;true
OD0151L11;14127;11;1300;81;1;244;820;300;true
OD0151L21;14127;21;1300;81;2;245;30;300;true
OD0151L31;14127;31;1300;81;0;243;160;300;true
OD0157L11;14101;11;1300;151;0;453;280;300;true
OD0157L21;14101;21;1300;151;1;454;370;300;true
OD0157L31;14101;31;1300;151;2;455;330;300;true
OD0159L11;14101;11;1300;33;2;101;640;300;true
OD0159L21;14101;21;1300;33;0;99;230;300;true
OD0159L31;14101;31;1300;33;1;100;260;300;true
OD0161L11;14136;11;1300;132;0;396;500;300;true
OD0161L21;14136;21;1300;132;2;398;170;300;true
OD0161L31;14136;31;1300;132;1;397;210;300;true
OD0165L11;14134;11;1300;102;0;306;640;300;true
OD0165L21;14134;21;1300;102;1;307;680;300;true
OD0165L31;14134;31;1300;102;2;308;600;300;true
OD0166L11;14109;11;1300;97;2;293;760;300;true
OD0166L21;14109;21;1300;97;0;291;120;300;true
OD0166L31;14109;31;1300;97;1;292;660;300;true
OD0174L11;14109;11;1300;83;0;249;230;300;true
OD0174L21;14109;21;1300;83;1;250;690;300;true
OD0174L31;14109;31;1300;83;2;251;580;300;true
OD0179L11;14108;11;1300;27;2;83;780;300;true
OD0179L21;14108;21;1300;27;1;82;220;300;true
OD0179L31;14108;31;1300;27;0;81;450;300;true
OD0181L11;14109;11;1300;82;0;246;200;300;true
OD0181L21;14109;21;1300;82;1;247;20;300;true
OD0181L31;14109;31;1300;82;2;248;330;300;true
OD0182L11;14108;11;1300;25;0;75;530;300;true
OD0182L21;14108;21;1300;25;2;77;660;300;true
OD0182L31;14108;31;1300;25;1;76;340;300;true
OD0183L11;14101;11;1300;0;0;0;110;300;true
OD0183L21;14101;21;1300;150;1;451;170;300;true
OD0183L31;14101;31;1300;70;2;212;130;300;true
OD0204L11;14101;11;1300;147;0;441;670;300;true
OD0204L21;14101;21;1300;147;1;442;630;300;true
OD0204L31;14101;31;1300;147;2;443;30;300;true
OD0205L11;14101;11;1300;17;0;51;80;300;true
OD0205L21;14101;21;1300;17;1;52;150;300;true
OD0205L31;14101;31;1300;17;2;53;430;300;true
OD0207L11;14108;11;1300;127;2;383;0;300;true
OD0207L21;14108;21;1300;127;1;382;700;300;true
OD0207L31;14108;31;1300;127;0;381;90;300;true
OD0209L11;14102;11;1300;45;2;137;720;300;true
OD0209L21;14102;21;1300;45;0;135;360;300;true
OD0209L41;14102;31;1300;45;1;136;140;300;true
OD0215L11;14104;11;1300;19;0;57;280;300;true
OD0215L21;14104;21;1300;19;1;58;350;300;true
OD0215L31;14104;31;1300;19;2;59;270;300;true
OD0217L11;14101;11;1300;126;0;378;780;300;true
OD0217L21;14101;21;1300;126;1;379;800;300;true
OD0217L31;14101;31;1300;126;2;380;810;300;true
OD0221L11;14135;11;1300;150;0;450;40;300;true
OD0221L21;14135;21;1300;150;1;451;690;300;true
OD0221L31;14135;31;1300;150;2;452;820;300;true
OD0223L11;14134;11;1300;144;2;434;560;300;true
OD0223L21;14134;21;1300;144;0;432;770;300;true
OD0223L31;14134;31;1300;144;1;433;160;300;true
OD0225L11;14108;11;1300;143;0;429;150;300;true
OD0225L21;14108;21;1300;143;2;431;190;300;true
OD0225L31;14108;31;1300;143;1;430;610;300;true
OD0227L11;14101;11;1300;96;2;290;250;300;true
OD0227L21;14101;21;1300;96;0;288;200;300;true
OD0227L31;14101;31;1300;96;1;289;690;300;true
OD0234L11;14102;11;1300;97;2;293;530;300;true
OD0234L21;14102;21;1300;97;0;291;180;300;true
OD0234L31;14102;31;1300;97;1;292;420;300;true
OD0240L11;14128;11;1300;60;0;180;600;300;true
OD0240L21;14128;21;1300;60;2;182;510;300;true
OD0240L31;14128;31;1300;60;1;181;810;300;true
OD0241L11;14104;11;1300;119;0;357;100;300;true
OD0241L21;14104;21;1300;119;2;359;660;300;true
OD0241L31;14104;31;1300;119;1;358;60;300;true
OD0247L11;14135;11;1300;1;2;5;90;300;true
OD0247L13;14135;13;3150;31;0;93;80;177;true
OD0247L14;14135;14;3425;31;0;93;80;177;true
OD0247L21;14135;21;1300;1;0;3;380;300;true
OD0247L23;14135;23;3150;31;1;94;90;177;true
OD0247L24;14135;24;3425;31;1;94;90;177;true
OD0247L31;14135;31;1300;1;1;4;490;300;true
OD0247L33;14135;33;3150;31;2;95;100;177;true
OD0247L34;14135;34;3425;31;2;95;100;177;true
OD0248L11;14104;11;1300;86;1;259;400;300;true
OD0248L21;14104;21;1300;86;0;258;460;300;true
OD0248L31;14104;31;1300;86;2;260;370;300;true
OD0249L11;14114;11;1300;156;1;469;480;300;true
OD0249L21;14114;31;1300;156;0;468;570;300;true
OD0249L31;14114;41;1300;156;2;470;160;300;true
OD0250L11;14114;11;1300;145;2;437;20;300;true
OD0250L21;14114;31;1300;145;0;435;470;300;true
OD0250L31;14114;41;1300;145;1;436;140;300;true
OD0252L11;14128;11;1300;0;0;0;320;300;true
OD0252L21;14128;21;1300;0;2;2;670;300;true
OD0252L31;14128;31;1300;0;1;1;740;300;true
OD0254L11;14108;11;1300;149;0;447;580;300;true
OD0254L21;14108;21;1300;149;2;449;360;300;true
OD0254L31;14108;31;1300;149;1;448;20;300;true
OD0260L11;14135;11;1300;157;0;471;240;300;true
OD0260L21;14135;21;1300;157;1;472;10;300;true
OD0260L31;14135;31;1300;157;2;473;140;300;true
OD0262L11;14114;11;1300;68;0;204;10;300;true
OD0262L21;14114;21;1300;68;1;205;680;300;true
OD0262L31;14114;31;1300;68;2;206;140;300;true
OD0264L11;14134;11;1300;64;2;194;760;300;true
OD0264L21;14134;21;1300;64;0;192;390;300;true
OD0264L31;14134;31;1300;64;1;193;460;300;true
OD0274L11;14109;11;1300;103;2;311;750;300;true
OD0274L21;14109;21;1300;103;0;309;150;300;true
OD0274L31;14109;31;1300;103;1;310;360;300;true
OD0276L11;14109;11;1300;34;2;104;340;300;true
OD0276L21;14109;21;1300;34;0;102;770;300;true
OD0276L31;14109;31;1300;34;1;103;400;300;true
OD0287L11;14128;11;1300;56;0;168;650;300;true
OD0287L21;14128;21;1300;56;2;170;460;300;true
OD0287L31;14128;31;1300;56;1;169;630;300;true
OD0290L11;14102;11;1300;130;0;390;10;0;true
OD0290L21;14102;21;1300;100;1;301;140;0;true
OD0290L31;14102;31;1300;150;2;452;50;0;true
OD0294L11;14104;11;1300;104;1;313;70;300;true
OD0294L21;14104;21;1300;104;0;312;550;300;true
OD0294L31;14104;31;1300;104;2;314;590;300;true
OD0302L11;14137;11;1300;2;1;7;730;300;true
OD0302L21;14137;21;1300;2;2;8;300;300;true
OD0302L31;14137;31;1300;2;0;6;460;300;true
OD0309L11;14109;11;1300;111;2;335;380;300;true
OD0309L21;14109;21;1300;111;0;333;790;300;true
OD0309L41;14109;31;1300;111;1;334;270;300;true
OD0319L11;14128;11;1300;41;0;123;10;300;true
OD0319L21;14128;21;1300;41;2;125;620;300;true
OD0319L31;14128;31;1300;41;1;124;150;300;true
OD0323L11;14114;18;1300;8;1;25;130;300;true
OD0323L21;14114;19;1300;8;2;26;410;300;true
OD0323L31;14114;20;1300;8;0;24;780;300;true
OD0324L11;14128;11;1300;92;2;278;210;300;true
OD0324L21;14128;21;1300;92;1;277;680;300;true
OD0324L31;14128;31;1300;92;0;276;200;300;true
OD0333L11;14104;11;1300;29;2;89;770;300;true
OD0333L21;14104;21;1300;29;0;87;820;300;true
OD0339L11;14104;11;1300;167;1;502;710;300;true
OD0339L31;14104;21;1300;167;0;501;610;300;true
OD0339L41;14104;31;1300;167;2;503;760;300;true
OD0340L11;14104;11;1300;3;1;10;640;300;true
OD0340L21;14104;21;1300;3;0;9;150;300;true
OD0340L31;14104;31;1300;3;2;11;380;300;true
OD0342L11;14104;11;1300;59;1;178;350;300;true
OD0342L21;14104;21;1300;59;0;177;310;300;true
OD0342L31;14104;31;1300;59;2;179;520;300;true
OD0345L11;14109;11;1300;57;0;171;600;300;true
OD0345L21;14109;21;1300;57;1;172;100;300;true
OD0345L31;14109;31;1300;57;2;173;650;300;true
OD0347L11;14128;11;1300;12;0;36;410;300;true
OD0347L21;14128;21;1300;12;2;38;390;300;true
OD0347L31;14128;31;1300;12;1;37;270;300;true
OD0355L11;14114;11;1300;144;2;434;530;300;true
OD0355L21;14114;21;1300;144;1;433;360;300;true
OD0355L31;14114;31;1300;144;0;432;550;300;true
OD0378L11;14114;11;1300;9;1;28;240;300;true
OD0378L21;14114;21;1300;9;2;29;690;300;true
OD0378L31;14114;31;1300;9;0;27;430;300;true
OD0388L11;14108;11;1300;71;2;215;370;300;true
OD0388L21;14108;21;1300;71;1;214;760;300;true
OD0388L31;14108;31;1300;71;0;213;590;300;true
OD0389L11;14137;11;1300;126;2;380;110;300;true
OD0389L21;14137;21;1300;126;0;378;30;300;true
OD0389L31;14137;31;1300;126;1;379;380;300;true
OD0410L11;14104;11;1300;89;1;268;280;300;true
OD0410L21;14104;21;1300;89;0;267;540;300;true
OD0410L31;14104;31;1300;89;2;269;200;300;true
OD0413L11;14114;11;1300;87;0;261;80;300;true
OD0413L21;14114;31;1300;87;1;262;540;300;true
OD0413L31;14114;41;1300;87;2;263;120;300;true
OD0431L11;14104;11;1300;100;1;301;180;300;true
OD0431L21;14104;21;1300;100;0;300;750;300;true
OD0431L31;14104;31;1300;100;2;302;30;300;true
OD0442L11;14134;11;1300;114;2;344;310;300;true
OD0442L21;14134;21;1300;114;0;342;660;300;true
OD0442L31;14134;31;1300;114;1;343;590;300;true
OD0445L11;14109;11;1300;13;2;41;210;300;true
OD0445L21;14109;21;1300;13;0;39;680;300;true
OD0445L31;14109;31;1300;13;1;40;700;300;true
OD0453L11;14135;11;1300;16;0;48;420;300;true
OD0453L21;14135;21;1300;16;1;49;250;300;true
OD0453L31;14135;31;1300;16;2;50;370;300;true
OD0457L11;14108;11;1300;52;0;156;820;300;true
OD0457L21;14108;21;1300;52;2;158;430;300;true
OD0457L31;14108;31;1300;52;1;157;680;300;true
OD0477L11;14128;11;1300;44;2;134;220;300;true
OD0477L21;14128;21;1300;44;1;133;470;300;true
OD0477L31;14128;31;1300;44;0;132;100;300;true
OD6005L11;14114;11;1300;91;0;273;390;300;true
OD6005L21;14114;21;1300;91;1;274;730;300;true
OD6005L31;14114;31;1300;91;2;275;490;300;true
VN0002L11;14703;11;1300;36;1;109;640;300;true
VN0002L21;14703;21;1300;36;0;108;680;300;true
VN0002L31;14703;31;1300;36;2;110;510;300;true
VN0003L11;14703;11;1300;60;1;181;310;300;true
VN0003L21;14703;21;1300;60;0;180;250;300;true
VN0003L31;14703;31;1300;60;2;182;190;300;true
VN0006L11;14703;11;1300;91;0;273;580;300;true
VN0006L21;14703;21;1300;91;2;275;320;300;true
VN0006L31;14703;31;1300;91;1;274;160;300;true
VN0009L11;14709;11;1300;70;0;210;180;300;true
VN0009L21;14709;21;1300;146;0;438;740;300;true
VN0009L31;14709;31;1300;110;2;332;200;300;true
VN0010L11;14702;11;1300;139;1;418;760;300;true
VN0010L21;14702;21;1300;139;0;417;410;300;true
VN0010L31;14702;31;1300;139;2;419;540;300;true
VN0011L11;14703;11;1300;131;1;394;780;300;true
VN0011L21;14703;21;1300;131;0;393;460;300;true
VN0011L31;14703;31;1300;131;2;395;660;300;true
VN0013L11;14703;11;1300;129;1;388;560;300;true
VN0013L21;14703;21;1300;129;0;387;0;300;true
VN0013L31;14703;31;1300;129;2;389;420;300;true
VN0016L11;14703;11;1300;62;1;187;510;300;true
VN0016L21;14703;21;1300;62;0;186;750;300;true
VN0016L31;14703;31;1300;62;2;188;500;300;true
VN0026L11;14702;11;1300;101;1;304;490;300;true
VN0026L21;14702;21;1300;101;0;303;670;300;true
VN0026L31;14702;31;1300;101;2;305;260;300;true
VN0028L11;14702;11;1300;85;1;256;220;300;true
VN0028L21;14702;21;1300;85;0;255;550;300;true
VN0028L31;14702;31;1300;85;2;257;330;300;true
VN0030L11;14703;11;1300;12;1;37;670;300;true
VN0030L21;14703;21;1300;12;0;36;330;300;true
VN0030L31;14703;31;1300;12;2;38;370;300;true
VN0031L11;14709;11;1300;125;1;376;830;0;true
VN0031L21;14709;21;1300;125;0;375;310;0;true
VN0031L31;14709;31;1300;125;2;377;710;0;true
VN0032L11;14709;11;1300;30;1;91;320;300;true
VN0032L21;14709;21;1300;30;0;90;250;300;true
VN0032L31;14709;31;1300;30;2;92;40;300;true
VN0048L11;14703;11;1300;78;1;235;450;300;true
VN0048L21;14703;21;1300;78;0;234;530;300;true
VN0048L31;14703;31;1300;78;2;236;470;300;true
VN0050L11;14702;11;1300;111;1;334;480;300;true
VN0050L21;14702;21;1300;111;0;333;770;300;true
VN0050L31;14702;31;1300;111;2;335;120;300;true
VN0056L11;14702;11;1300;38;2;116;750;300;true
VN0056L21;14702;21;1300;38;1;115;110;300;true
VN0056L31;14702;31;1300;38;0;114;570;300;true
VN0060L11;14703;11;1300;28;1;85;730;300;true
VN0060L21;14703;21;1300;28;0;84;440;300;true
VN0060L31;14703;31;1300;28;2;86;240;300;true
VN0066L11;14703;11;1300;148;1;445;630;300;true
VN0066L21;14703;21;1300;148;0;444;650;300;true
VN0066L31;14703;31;1300;148;2;446;60;300;true
VN0067L11;14702;11;1300;158;1;475;590;300;true
VN0067L21;14702;21;1300;158;0;474;430;300;true
VN0067L31;14702;31;1300;158;2;476;630;300;true
VN0068L11;14702;11;1300;33;1;100;470;300;true
VN0068L21;14702;21;1300;33;0;99;370;300;true
VN0068L31;14702;31;1300;33;2;101;340;300;true
VN0085L11;14702;11;1300;55;1;166;820;300;true
VN0085L21;14702;21;1300;55;0;165;390;300;true
VN0085L31;14702;31;1300;55;2;167;90;300;true
VN0095L11;14709;11;1300;124;0;372;130;300;true
VN0095L21;14709;21;1300;124;1;373;500;300;true
VN0095L31;14709;31;1300;124;2;374;400;300;true
VN2001L11;14708;11;1300;62;0;186;370;300;true
VN2001L21;14708;21;1300;62;2;188;40;300;true
VN2001L31;14708;31;1300;62;1;187;360;300;true
VN2002L11;14708;11;1300;48;0;144;750;300;true
VN2002L21;14708;21;1300;48;1;145;20;300;true
VN2002L31;14708;31;1300;48;2;146;110;300;true
VN2004L11;14708;11;1300;54;0;162;100;300;true
VN2004L21;14708;21;1300;54;1;163;730;300;true
VN2004L31;14708;31;1300;54;2;164;240;300;true
